Item_Name,Category,Version,Item_Code,Item_ID,Buyer_ID,Transaction_ID,Date,Final_Quantity,Total_Revenue,Price_Reductions,Refunds,Final_Revenue,Sales_Tax,Overall_Revenue,Refunded_Item_Count,Purchased_Item_Count
QID,Product H,32 / B / 30,27-0CD-F44-7E1-0-2F608D7,46567054,3301861,5.36E+13,14-04-2019,1,74.17,0,0,74.17,14.83,89,0,1
OTH,Product P,32 / B / FtO,37-9D1-AC6-D48-E-F2D4507,16345004,1205940,4.76E+13,14-02-2019,-1,0,0,-79.17,-79.17,-15.83,-95,-1,0
WHX,Product P,32 / B / FtO,85-2EB-163-D62-5-FC50316,26246865,3342830,9.21E+13,28-11-2018,-1,0,0,-74.17,-74.17,-14.83,-89,-1,0
RJF,Product P,33 / B / FtO,3D-687-99C-14F-4-661E2E7,42015157,7251983,5.99E+13,03-03-2019,1,79.17,0,0,79.17,15.83,95,0,1
TSH,Product D,34 / B / FtO,F9-9FA-787-104-B-DCEE379,40522014,9940388,3.66E+13,26-11-2018,1,74.17,0,0,74.17,14.83,89,0,1
BKT,Product Q,37 / B / 28,92-F5E-879-C1C-4-447E57D,32047144,9139641,2.96E+13,02-01-2019,1,36.67,0,0,36.67,7.33,44,0,1
TSH,Product P,34 / B / FtO,30-612-F8B-3F0-D-1399050,40522014,3621461,1.19E+13,26-12-2018,1,55,0,0,55,11,66,0,1
LQS,Product C,36 / B / FtO,D7-036-7E7-B2D-F-9ABDCB2,26922227,4238393,7.22E+13,14-12-2018,1,82.5,0,0,82.5,16.5,99,0,1
WHX,Product A,34 / A / FtO,BB-624-2EC-849-6-55C3AE9,70509397,5467593,6.64E+13,20-03-2019,-1,0,0,-107.5,-107.5,-21.5,-129,-1,0
WHX,Product P,33 / A / FtO,30-A45-0F8-A47-3-597F220,30466884,6927154,1.23E+13,15-02-2019,1,79.17,0,0,79.17,15.83,95,0,1
LQS,Product B,33 / B / FtO,2D-BCB-5A1-DCF-B-1BC3355,24064862,3278460,4.00E+13,25-11-2018,1,82.5,-16.5,0,66,13.2,79.2,0,1
KNB,Product P,35 / A / FtO,5B-AA9-538-913-2-C7F19F8,82629421,9164098,3.48E+13,18-02-2019,1,79.18,-15.84,0,63.34,12.66,76,0,1
WHX,Product P,36 / C / FtO,ED-3C3-9DE-8F8-8-E2127BD,10812154,7787287,7.65E+13,10-02-2019,1,79.17,0,0,79.17,15.83,95,0,1
AYN,Product P,35 / A / FtO,05-B3F-641-5D0-C-08DA2E3,13282993,6386377,5.05E+13,02-01-2019,1,55,0,0,55,11,66,0,1
QID,Product H,40 / C / FtO,89-640-975-F8D-0-B53CFB5,8.42E+13,5162704,5.06E+13,03-11-2018,0,74.17,0,-74.17,0,0,0,-1,1
CRH,Product P,34 / B / FtO,DC-C91-D80-DD3-0-BAC56F9,40213065,7030843,7.58E+13,04-04-2019,1,79.17,0,0,79.17,15.83,95,0,1
LQS,Product B,33 / C / FtO,13-942-409-8DF-6-68FB90B,24064862,9461313,6.72E+13,23-11-2018,1,82.5,-16.5,0,66,13.2,79.2,0,1
RJF,Product P,35 / B / FtO,22-6A3-ACF-C57-6-3147EE4,88162726,5950642,1.34E+13,02-04-2019,-1,0,0,-79.16,-79.16,-15.84,-95,-1,0
RJF,Product P,36 / C / FtO,BC-0DF-CDF-7B9-6-79DB2AC,95083972,2328606,5.26E+13,25-02-2019,1,79.17,-20.84,0,58.33,11.67,70,0,1
LQS,Product B,33 / B / FtO,2D-BCB-5A1-DCF-B-1BC3355,24064862,4982900,7.71E+13,09-01-2019,1,82.5,0,0,82.5,16.5,99,0,1
YQX,Product M,34 / A / FtO,17-F85-233-845-8-D1D20B2,92567842,9751428,8.87E+13,18-04-2019,1,82.5,0,0,82.5,16.5,99,0,1
WHX,Product D,34 / A / FtO,D4-C6F-884-7F1-5-8ED5D4B,50418124,3583418,6.56E+13,28-03-2019,1,74.17,0,0,74.17,14.83,89,0,1
WHX,Product D,32 / A / 29,5A-02C-11D-258-0-EDB1CFD,29157946,4471680,4.73E+13,06-02-2019,-1,0,0,-74.17,-74.17,-14.83,-89,-1,0
HZX,Product B,36 / B / 30,AA-FF7-5F1-C38-8-EE0E60C,56806577,3595581,8.33E+13,04-12-2018,1,82.5,0,0,82.5,16.5,99,0,1
AYN,Product P,34 / B / FtO,E6-FAF-D36-0E0-2-DC24994,88732635,4923482,9.15E+13,28-01-2019,-1,0,0,-55,-55,-11,-66,-1,0
EKJ,Product O,34 / A / 9,9A-348-C38-07A-2-7938B3F,73544700,3231989,3.63E+13,16-04-2019,1,57.5,-5.75,0,51.75,10.35,62.1,0,1
CLH,Product B,35 / C / 33,78-1C1-1FA-A15-5-41B3EB6,68182077,3243282,8.77E+13,07-12-2018,-1,0,0,-66,-66,-13.2,-79.2,-1,0
KNB,Product M,36 / A / FtO,5B-108-510-A28-6-49791BD,92567842,6218795,7.03E+13,16-04-2019,1,82.5,0,0,82.5,16.5,99,0,1
YQX,Product H,35 / B / FtO,13-97C-FB5-79E-F-992A8BF,62538818,5056151,7.68E+13,22-03-2019,1,74.16,-20.83,0,53.33,10.67,64,0,1
YQX,Product H,33 / B / FtO,88-B81-680-097-8-382CF03,93145342,4813816,4.93E+13,18-04-2019,1,74.16,-20.83,0,53.33,10.67,64,0,1
WHX,Product P,30 / A / 29,81-8FA-5A9-11A-2-8C4A175,22570228,4769813,6.05E+13,14-02-2019,-1,0,0,-79.17,-79.17,-15.83,-95,-1,0
YQX,Product H,34 / A / 31,EC-DBD-652-248-2-3B0BBDD,17042414,3288850,2.38E+13,20-11-2018,1,74.17,0,0,74.17,14.83,89,0,1
HZX,Product B,33 / B / FtO,5B-8E1-024-EB2-6-3F3CBDB,24064862,7183246,2.02E+13,06-01-2019,1,57.5,0,0,57.5,11.5,69,0,1
FTU,Product R,S / Sl / Sh,C8-AEA-5C4-EDE-F-6AFB9F5,88419828,1715372,6.82E+13,15-03-2019,1,29.16,-7.29,0,21.87,4.38,26.25,0,1
WHX,Product P,34 / A / FtO,76-BA0-289-04B-C-9EB5C4F,83605938,7878265,8.21E+13,27-03-2019,-1,0,0,-79.16,-79.16,-15.84,-95,-1,0
RJK,Product R,L / Sl / Re,B3-454-173-827-F-2D4BC05,88419828,7984416,8.86E+13,05-04-2019,1,29.17,0,0,29.17,5.83,35,0,1
RJF,Product P,34 / B / FtO,32-AA7-838-2C8-E-1195FE8,98393407,5427366,8.61E+13,16-04-2019,1,79.16,-20.83,0,58.33,11.67,70,0,1
NMA,Product D,32 / B / FtO,D8-5B2-0C2-2FF-4-449AD74,32740590,8252964,8.61E+13,16-04-2019,1,74.17,0,0,74.17,14.83,89,0,1
LQS,Product C,30 / A / 31,2C-19D-5C6-EA0-3-43C448F,74114662,5071361,7.95E+13,08-02-2019,1,82.5,-8.5,0,74,14.8,88.8,0,1
XEB,Product D,34 / B / FtO,54-BB6-CDA-0BD-0-6121467,11657798,1124957,1.96E+13,18-03-2019,-1,0,0,-51.67,-51.67,-10.33,-62,-1,0
KNB,Product P,34 / A / FtO,E3-A4D-96C-7FB-2-E487C07,36598969,5586010,7.47E+13,29-01-2019,1,79.17,-20.84,0,58.33,11.67,70,0,1
NWB,Product D,36 / C / FtO,CD-F33-F6A-2E2-2-D115B4E,40522014,9635094,6.92E+13,24-12-2018,1,51.67,0,0,51.67,10.33,62,0,1
WHX,Product P,33 / B / 32,BF-2A5-D8F-5BC-D-987937F,94152622,6538268,8.11E+13,21-01-2019,-1,0,0,-71.12,-71.12,-14.23,-85.35,-1,0
NMA,Product H,34 / B / FtO,A2-893-62A-DAB-4-773775A,63706147,4565585,8.40E+13,28-04-2019,1,74.17,0,0,74.17,14.83,89,0,1
YQX,Product H,37 / B / FtO,78-051-9A8-28F-5-DEB9BDB,1.56E+13,7307263,8.04E+13,24-11-2018,1,74.17,0,0,74.17,14.83,89,0,1
KNB,Product H,35 / A / FtO,AD-D36-4D7-EDB-2-1BA776D,51943014,7994785,8.26E+13,30-04-2019,1,74.16,-10.41,0,63.75,12.75,76.5,0,1
EXR,Product J,32 / A / FtO,4A-FF1-87C-28D-3-2E5048E,89495938,9755244,6.39E+13,28-02-2019,1,99.17,0,0,99.17,19.83,119,0,1
WHX,Product P,31 / B / FtO,DD-85C-817-6E1-7-63A3E31,42076473,8871663,9.32E+13,26-04-2019,1,79.16,0,0,79.16,15.84,95,0,1
TSH,Product N,XL / Sl / Re,02-F1A-B75-3B2-8-7DE33BD,57946473,7357498,7.17E+13,28-03-2019,1,40.83,0,0,40.83,8.17,49,0,1
MAG,Product B,34 / B / 33,7B-F13-813-556-D-CAA3745,30076956,6390717,6.12E+13,08-12-2018,1,82.51,-20.84,0,61.67,12.33,74,0,1
RJF,Product P,31 / A / FtO,C8-F7E-F9D-4D8-F-5315930,25033442,4484739,2.56E+13,27-04-2019,1,79.16,-10.75,0,68.41,13.68,82.09,0,1
RJF,Product P,33 / A / FtO,E8-94E-375-825-4-9A886F3,19149775,1650465,5.68E+13,27-01-2019,1,79.16,0,0,79.16,15.84,95,0,1
INU,Product O,36 / B / 11,26-5CC-533-11F-2-5AB3354,10383852,2518629,6.51E+13,25-04-2019,1,57.5,0,0,57.5,11.5,69,0,1
YQX,Product H,33 / B / FtO,88-B81-680-097-8-382CF03,93145342,4678627,9.49E+13,20-02-2019,1,74.17,-7.42,0,66.75,13.35,80.1,0,1
NSP,Product P,34 / A / FtO,EE-3D4-3A2-417-4-22962E1,22559066,8761410,9.08E+13,17-01-2019,-1,0,0,-55,-55,-11,-66,-1,0
KNB,Product P,36 / C / FtO,86-4C4-578-335-7-C8C1CDB,88269721,9029753,6.28E+13,18-03-2019,1,79.16,-20.83,0,58.33,11.67,70,0,1
WHX,Product P,36 / A / FtO,B1-E8F-D9B-1CB-F-B4E9E3B,95527147,9208271,6.96E+13,23-11-2018,1,79.17,-15.84,0,63.33,12.67,76,0,1
WHX,Product P,35 / A / 34,57-4D4-82A-CFA-1-915AD57,68351923,3374360,9.65E+13,23-02-2019,1,79.17,0,0,79.17,15.83,95,0,1
LQS,Product B,33 / C / FtO,13-942-409-8DF-6-68FB90B,24064862,8046453,4.99E+13,10-01-2019,-1,0,0,-82.5,-82.5,-16.5,-99,-1,0
FTU,Product R,M+ / Sl / Re,C6-C3F-DC9-F3E-4-65345AD,88419828,6115114,6.53E+13,26-04-2019,1,29.17,0,0,29.17,5.83,35,0,1
QMB,Product J,30 / A / FtO,9E-218-296-902-0-BDE114A,72085551,4221687,4.43E+13,14-12-2018,1,99.17,0,0,99.17,19.83,119,0,1
AYN,Product P,36 / A / FtO,AC-DBF-D0E-3A9-4-A45CA1F,21880080,3244804,8.18E+13,16-02-2019,1,79.17,-15.84,0,63.33,12.67,76,0,1
KNB,Product H,34 / A / FtO,0F-FB2-FA6-771-8-024979D,48808614,1682608,2.27E+13,16-03-2019,1,74.17,0,0,74.17,14.83,89,0,1
NMA,Product H,32 / B / FtO,CF-361-33D-F16-D-CE57CD6,63706147,8139190,2.89E+13,28-04-2019,1,74.16,-11.12,0,63.04,12.61,75.65,0,1
RJF,Product P,37 / B / FtO,5B-AD8-C54-EEA-4-A68B15D,33132884,6401480,3.45E+13,20-11-2018,1,79.17,-15.84,0,63.33,12.67,76,0,1
QID,Product H,36 / B / FtO,B8-CA5-835-D9D-0-87528A2,60959788,9727329,1.90E+13,19-12-2018,1,74.17,0,0,74.17,14.83,89,0,1
YQX,Product R,L+ / St / Re,2F-FB0-9B8-847-3-299DC45,88419828,5846597,6.99E+13,26-03-2019,1,29.17,0,0,29.17,5.83,35,0,1
WHX,Product D,34 / B / FtO,78-AC0-420-2A7-C-2F18981,79976637,2047649,4.49E+13,30-04-2019,1,74.16,0,0,74.16,14.84,89,0,1
XEB,Product P,34 / A / 33,08-CE7-572-AD0-E-822E014,83947292,1087993,6.78E+13,19-02-2019,-1,0,0,-71.25,-71.25,-14.25,-85.5,-1,0
CLH,Product B,34 / A / FtO,43-DF6-655-273-3-FD48FCB,24064862,4219017,3.92E+13,24-12-2018,1,82.5,0,0,82.5,16.5,99,0,1
OHR,Product H,37 / B / 32,75-A3E-276-E4A-E-AD2ECEE,31692704,8071673,3.63E+13,16-01-2019,-1,0,0,-51.67,-51.67,-10.33,-62,-1,0
RJF,Product P,34 / B / FtO,32-AA7-838-2C8-E-1195FE8,98393407,5554532,4.57E+13,01-11-2018,1,74.17,0,0,74.17,14.83,89,0,1
LPZ,Product H,32 / A / 31,C6-7F3-EA4-5B4-1-201B7BD,28069370,7817274,9.18E+13,29-12-2018,1,51.67,0,0,51.67,10.33,62,0,1
TSH,Product P,36 / B / FtO,4C-B33-EB3-FF3-8-539789E,40522014,1543397,5.42E+13,30-12-2018,1,55,0,0,55,11,66,0,1
JAF,Product W,32 / B / FtO,29-9AF-4E0-6A9-4-1DD5449,87226152,8951391,6.78E+13,03-01-2019,1,40.83,0,0,40.83,8.17,49,0,1
FQD,Product H,32 / B / FtO,3D-952-46C-239-1-E846BE7,61310715,7816602,9.85E+13,08-04-2019,1,89,0,0,89,0,89,0,1
INU,Product D,30 / A / FtO,04-CBD-5A6-E7E-B-04428CD,19814633,4362287,6.75E+13,09-04-2019,1,74.17,0,0,74.17,14.83,89,0,1
XEB,Product P,32 / B / FtO,54-50F-3B5-7D2-8-74B12CD,19852484,2356243,3.36E+13,13-02-2019,2,158.33,0,0,158.33,31.67,190,0,2
YQX,Product O,30 / A / 7,D1-3BE-F9D-DC9-B-3DAE80D,10383852,7292773,7.29E+13,07-04-2019,1,57.5,0,0,57.5,11.5,69,0,1
YQX,Product H,31 / B / FtO,13-8B2-C38-313-0-F5201BA,47633165,1911639,2.82E+13,25-11-2018,1,74.17,0,0,74.17,14.83,89,0,1
WHX,Product P,38 / B / FtO,D3-399-7FD-56A-D-DDE2CE2,21206865,9679611,2.42E+13,03-11-2018,-1,0,0,-66.75,-66.75,-13.35,-80.1,-1,0
ZQV,Product W,35 / B / FtO,2F-05B-B0D-620-4-D6B8B81,44945143,9439199,8.99E+13,22-11-2018,-1,0,0,-82.5,-82.5,-16.5,-99,-1,0
YQX,Product I,38 / C / FtO,62-E17-D8E-62B-7-DEE701C,29529547,4151570,8.58E+13,25-04-2019,1,79.16,0,0,79.16,15.84,95,0,1
AYN,Product H,35 / B / FtO,6D-ABC-BD1-2BB-8-C8DA191,43230550,4760898,6.50E+13,23-04-2019,1,74.16,0,0,74.16,14.84,89,0,1
WHX,Product D,38 / B / FtO,40-824-C19-E98-7-D65187C,14511679,4218671,5.93E+13,14-03-2019,-1,0,0,-66.75,-66.75,-13.35,-80.1,-1,0
OHR,Product H,36 / B / FtO,A5-8AA-95E-29E-C-1ADEBCA,22559066,2885137,8.53E+13,23-11-2018,1,74.17,-14.84,0,59.33,11.87,71.2,0,1
YYI,Product P,34 / B / FtO,48-7A8-A5E-901-6-B09F174,40522014,4579544,5.80E+13,26-11-2018,1,79.18,-15.84,0,63.34,12.66,76,0,1
NWB,Product D,36 / B / FtO,18-F4B-424-D03-2-6008CC7,40522014,6552542,3.53E+13,28-12-2018,1,51.66,0,0,51.66,10.34,62,0,1
QID,Product H,33 / B / FtO,18-12C-337-0A2-A-44C1A31,46045856,4921612,2.80E+13,14-04-2019,1,74.17,0,0,74.17,14.83,89,0,1
AYN,Product P,33 / A / FtO,AA-919-F80-F95-0-F346CAC,27078787,9856927,7.56E+13,21-01-2019,-1,0,0,-55,-55,-11,-66,-1,0
EYV,Product H,33 / B / FtO,AE-017-C6F-C26-2-2967203,22559066,2457403,2.39E+13,25-12-2018,1,51.67,0,0,51.67,10.33,62,0,1
FMR,Product R,M / Sl / Re,3E-EED-1E5-375-4-258F84D,88419828,9.78E+13,2.14E+13,22-03-2019,1,29.17,0,0,29.17,5.83,35,0,1
INU,Product A,38 / A / FtO,2F-7D5-A74-8A7-E-D1BFA13,95571806,4113567,7.68E+13,26-04-2019,1,107.5,-12,0,95.5,19.1,114.6,0,1
QMB,Product J,33 / B / FtO,6C-8C3-52D-491-0-A61AD8C,72085551,1444144,5.50E+13,14-12-2018,1,99.17,0,0,99.17,19.83,119,0,1
QMB,Product J,34 / A / FtO,5E-23F-E1F-BB3-C-0C0686E,72085551,1194702,9.90E+13,14-12-2018,1,99.17,0,0,99.17,19.83,119,0,1
MTW,Product C,36 / B / FtO,BC-614-786-6CA-3-CEFF9E6,26922227,8585221,8.08E+13,26-11-2018,1,82.51,-20.84,0,61.67,12.33,74,0,1
YQX,Product H,34 / A / FtO,7F-323-5FB-8CB-6-E7A9CC6,56155417,6214517,2.61E+13,01-04-2019,1,74.17,0,0,74.17,14.83,89,0,1
WHX,Product P,32 / B / FtO,85-2EB-163-D62-5-FC50316,26246865,4295377,2.39E+13,01-12-2018,1,79.17,0,0,79.17,15.83,95,0,1
ELV,Product H,31 / A / 33,A8-493-B42-342-7-D3FE9C0,94930371,1130391,9.14E+13,21-12-2018,1,74.16,0,0,74.16,14.84,89,0,1
WHX,Product D,34 / C / FtO,CE-800-AEC-B75-2-A2CA14C,45232093,4955191,8.90E+13,24-11-2018,1,74.18,-18.55,0,55.63,11.12,66.75,0,1
KNB,Product H,33 / B / 33,AD-350-66F-6CB-1-D410E97,17087030,4563489,1.25E+13,26-12-2018,1,51.67,0,0,51.67,10.33,62,0,1
WHX,Product P,34 / C / FtO,46-F29-B76-C69-3-EF2AD25,60078121,7373135,3.12E+13,01-11-2018,1,74.17,-11.13,0,63.04,12.61,75.65,0,1
AYN,Product H,36 / C / FtO,8A-192-0F8-8C7-9-445A704,55350463,1087743,3.83E+13,08-04-2019,1,74.17,0,0,74.17,14.83,89,0,1
YYI,Product P,32 / A / FtO,43-C59-316-222-6-2011683,40522014,1750222,3.53E+13,23-11-2018,1,79.17,-15.84,0,63.33,12.67,76,0,1
NSP,Product P,36 / B / 33,3E-C09-A39-B3E-F-E214B60,32373863,6158341,3.01E+13,22-11-2018,1,79.17,-20.84,0,58.33,11.67,70,0,1
WHX,Product P,33 / B / FtO,ED-DCD-031-785-F-999C2B1,37478410,1382078,4.80E+13,05-03-2019,-1,0,0,-79.17,-79.17,-15.83,-95,-1,0
AYN,Product P,33 / A / 28,FC-339-328-4E2-4-83F6E37,77090240,3119309,2.68E+13,31-12-2018,1,55,0,0,55,11,66,0,1
RJF,Product P,31 / C / 31,23-31E-5BD-FF1-2-36C007E,90359469,7674676,6.53E+13,22-01-2019,1,79.16,0,0,79.16,15.84,95,0,1
RJK,Product P,36 / C / FtO,DA-C2C-216-272-B-D0C052F,16345004,5791168,8.80E+13,12-03-2019,1,79.17,0,0,79.17,15.83,95,0,1
JAF,Product W,34 / C / FtO,67-3B6-91C-581-E-7022BD2,87226152,1392959,5.93E+13,09-01-2019,1,40.84,-10.98,0,29.86,5.97,35.83,0,1
EXR,Product J,35 / B / FtO,4D-061-8CB-67E-C-B00BE31,89495938,9776647,1.26E+13,20-02-2019,1,99.17,0,0,99.17,19.83,119,0,1
OTH,Product P,36 / B / FtO,A6-BF2-CC7-882-A-6FAB9F2,16345004,4920113,8.64E+13,25-03-2019,1,79.16,-10.41,0,68.75,13.75,82.5,0,1
LQS,Product B,38 / B / FtO,F4-898-351-5AF-7-6394475,24064862,6921916,8.52E+13,10-03-2019,1,57.5,0,0,57.5,11.5,69,0,1
WHX,Product P,38 / B / FtO,D3-399-7FD-56A-D-DDE2CE2,21206865,6192785,1.14E+13,07-04-2019,1,79.17,0,0,79.17,15.83,95,0,1
XEB,Product R,M / Sl / Re,AB-27B-129-3D6-5-A3B8343,88419828,9633632,5.06E+13,22-03-2019,1,29.16,0,0,29.16,5.84,35,0,1
LPZ,Product N,S / St / Re,BF-221-993-3EF-9-1897355,50327934,3393018,6.16E+13,02-01-2019,1,24.17,0,0,24.17,4.83,29,0,1
XEB,Product P,32 / C / FtO,99-0E0-75A-F52-7-2C5E205,28273869,6630929,4.14E+13,06-11-2018,1,79.16,0,0,79.16,15.84,95,0,1
RJF,Product P,33 / A / FtO,E8-94E-375-825-4-9A886F3,19149775,3900705,1.03E+13,12-11-2018,1,79.17,-10.42,0,68.75,13.75,82.5,0,1
WHX,Product P,32 / B / FtO,85-2EB-163-D62-5-FC50316,26246865,3053574,1.13E+13,14-11-2018,1,79.16,-19.79,0,59.37,11.88,71.25,0,1
XEB,Product P,38 / B / FtO,22-8F3-8E5-4C2-B-E56A5DE,87705806,6804800,6.06E+13,03-01-2019,1,79.17,0,0,79.17,15.83,95,0,1
QID,Product A,32 / B / FtO,B5-C77-70B-E98-4-03D271B,24064862,2593250,5.51E+13,11-12-2018,-1,0,0,-86,-86,-17.2,-103.2,-1,0
NMA,Product D,33 / A / FtO,C6-239-E3E-881-D-6B587F3,32740590,2999115,4.54E+13,11-03-2019,1,74.17,0,0,74.17,14.83,89,0,1
EYV,Product H,38 / C / FtO,ED-069-E89-29A-5-D253A1D,22559066,5968578,4.62E+13,30-11-2018,1,74.17,-20.84,0,53.33,10.67,64,0,1
XEB,Product P,28 / A / FtO,01-A97-336-D1E-0-7CA4A5C,74841968,5117854,4.47E+13,15-12-2018,1,79.17,0,0,79.17,15.83,95,0,1
NWB,Product D,37 / A / FtO,CC-B58-E0D-45F-B-15C4CE1,40522014,6342613,4.24E+13,30-12-2018,1,51.67,0,0,51.67,10.33,62,0,1
KDP,Product N,L / Sl / Lo,A4-B87-6DF-A01-E-653E41C,88176838,2905440,3.85E+13,02-01-2019,1,24.17,0,0,24.17,4.83,29,0,1
DPR,DPR,100,AD-982-708-895-F-6C894FB,52039657,6300796,5.07E+13,13-03-2019,1,100,0,0,100,0,100,0,1
NMA,Product D,32 / A / FtO,FC-5E7-529-DD7-F-B08A270,32740590,4329728,5.62E+13,05-03-2019,1,74.17,0,0,74.17,14.83,89,0,1
QMB,Product J,34 / A / FtO,5E-23F-E1F-BB3-C-0C0686E,72085551,9020480,6.36E+13,14-12-2018,1,99.17,0,0,99.17,19.83,119,0,1
KNB,Product P,34 / B / FtO,C1-87B-404-415-F-650D609,50738429,7928920,8.89E+13,27-11-2018,1,79.17,0,0,79.17,15.83,95,0,1
WHX,Product D,37 / B / FtO,37-C61-7D9-2C3-A-31F20A8,52259051,4873101,4.87E+13,08-11-2018,1,74.16,0,0,74.16,14.84,89,0,1
YQX,Product H,34 / B / FtO,07-3BC-D50-361-2-7C5F5AE,72009142,7872966,8.81E+13,05-03-2019,1,74.17,0,0,74.17,14.83,89,0,1
RJF,Product P,32 / A / FtO,D9-FBB-83F-429-F-51CFE08,84452481,6872575,8.82E+13,13-11-2018,1,79.17,0,0,79.17,15.83,95,0,1
CLH,Product B,32 / C / FtO,72-D15-AF8-872-F-A0C31BC,24064862,2847956,1.42E+13,08-03-2019,1,57.5,0,0,57.5,11.5,69,0,1
WHX,Product A,38 / B / FtO,EF-F3E-148-CF7-A-4D9D1A2,79462777,5016938,5.96E+13,23-11-2018,1,107.5,-21.5,0,86,17.2,103.2,0,1
WHX,Product D,34 / B / FtO,78-AC0-420-2A7-C-2F18981,79976637,2727506,5.04E+13,22-02-2019,1,74.17,0,0,74.17,14.83,89,0,1
LQS,Product C,38 / B / FtO,F7-33D-994-096-F-89E3CCF,26922227,5358703,1.38E+13,24-01-2019,1,82.5,0,0,82.5,16.5,99,0,1
XEB,Product P,31 / B / FtO,F0-CAB-74F-37A-0-362E105,18064129,8305380,9.76E+13,28-04-2019,1,79.17,0,0,79.17,15.83,95,0,1
YQX,Product H,34 / B / FtO,07-3BC-D50-361-2-7C5F5AE,72009142,6338007,7.09E+13,04-04-2019,1,74.17,0,0,74.17,14.83,89,0,1
OTH,Product F,35 / B / FtO,06-0F2-6F0-220-B-F8D9DA8,61310715,9289382,8.14E+13,01-03-2019,1,99.17,0,0,99.17,19.83,119,0,1
WHX,Product P,32 / A / FtO,93-BCE-0C8-1F0-0-CE76A69,66995443,2710554,8.42E+13,02-01-2019,-1,0,0,-58.33,-58.33,-11.67,-70,-1,0
YQX,Product O,32 / A / 7,C9-F61-63A-C96-A-CDC2C7F,10383852,7352739,8.81E+13,20-04-2019,1,57.5,0,0,57.5,11.5,69,0,1
LQS,Product C,32 / B / FtO,EA-7F1-115-7DC-4-D196AB6,26922227,8397805,1.68E+13,13-11-2018,1,82.5,0,0,82.5,16.5,99,0,1
KNB,Product P,31 / A / FtO,59-4CA-CF5-A8E-B-7239994,19561086,3968925,5.80E+13,25-04-2019,1,79.16,0,0,79.16,15.84,95,0,1
LPZ,Product N,L / Sl / Re,F0-91F-BEF-8A1-8-4AB1DF0,50327934,6049136,2.09E+13,28-12-2018,1,32.5,0,0,32.5,6.5,39,0,1
YQX,Product H,31 / B / FtO,13-8B2-C38-313-0-F5201BA,47633165,8304613,9.46E+13,07-12-2018,1,74.17,0,0,74.17,14.83,89,0,1
LPZ,Product N,L / Sl / Re,F0-91F-BEF-8A1-8-4AB1DF0,50327934,8951391,6.78E+13,03-01-2019,1,24.17,0,0,24.17,4.83,29,0,1
RJF,Product P,28 / A / FtO,B3-5E1-6B4-9C0-0-C778FF7,65404484,2349463,1.59E+13,23-11-2018,1,79.17,-15.84,0,63.33,12.67,76,0,1
NMA,Product H,37 / B / FtO,D8-4E5-FC8-DE0-7-8CA0638,22559066,3680012,4.71E+13,29-01-2019,1,74.17,-11.13,0,63.04,12.61,75.65,0,1
KNB,Product P,32 / A / FtO,7B-D03-EA4-89A-9-5B1B695,37086199,5778184,8.03E+13,24-04-2019,1,79.16,-7.91,0,71.25,14.25,85.5,0,1
YQX,Product H,37 / C / FtO,D6-751-3F2-79D-1-7D8D95F,1.56E+13,3665925,8.23E+13,13-12-2018,-1,0,0,-59.34,-59.34,-11.86,-71.2,-1,0
YYI,Product P,32 / C / 32,A4-820-464-2AC-D-FA6AEDB,91378233,9278871,5.92E+13,05-01-2019,1,55,-5.5,0,49.5,9.9,59.4,0,1
RJK,Product P,33 / B / FtO,18-3B2-778-957-7-F9452BB,16345004,3513823,2.56E+13,31-03-2019,1,79.16,-20.83,0,58.33,11.67,70,0,1
YQX,Product H,31 / A / 31,18-518-BAC-F6C-A-9110145,97946314,5099964,6.22E+13,11-03-2019,-1,0,0,-74.17,-74.17,-14.83,-89,-1,0
WHX,Product P,31 / A / FtO,E1-B96-373-C3C-2-FD46EF7,78029228,8327168,6.42E+13,21-12-2018,-1,0,0,-63.33,-63.33,-12.67,-76,-1,0
QID,Product H,32 / B / 31,9F-7BC-620-8C8-B-FA9AE1B,20746250,7624215,8.86E+13,11-01-2019,-1,0,0,-63.75,-63.75,-12.75,-76.5,-1,0
AZN,Product Q,33 / A / 33,79-FE5-E47-016-7-B3F503D,90608498,2005827,7.32E+13,22-02-2019,-1,0,0,-46.5,-46.5,-9.3,-55.8,-1,0
MTW,Product C,30 / B / FtO,3D-1C3-9F5-A1F-7-362E2A7,26922227,2425397,3.77E+13,21-01-2019,-1,0,0,-57.5,-57.5,-11.5,-69,-1,0
VXH,Product P,33 / B / 33,71-C2E-BDB-376-2-E57ECC4,93240252,1108865,4.66E+13,17-12-2018,1,79.18,-11.89,0,67.29,13.45,80.74,0,1
WHX,Product A,34 / B / FtO,9D-D1B-FA1-0A5-1-B6F673C,80366662,4134368,9.28E+13,13-11-2018,1,107.5,0,0,107.5,21.5,129,0,1
VXH,Product A,36 / A / FtO,C9-15F-F9F-114-C-FB8F820,40522014,7361615,8.27E+13,05-11-2018,-1,0,0,-107.5,-107.5,-21.5,-129,-1,0
QID,Product H,36 / B / FtO,B8-CA5-835-D9D-0-87528A2,60959788,4236502,9.15E+13,08-03-2019,1,74.17,-7.42,0,66.75,13.35,80.1,0,1
KNB,Product H,36 / B / FtO,65-74E-443-294-2-17CE026,72442713,2833972,2.50E+13,31-12-2018,1,51.67,0,0,51.67,10.33,62,0,1
FQD,Product O,36 / B / 11,13-A42-580-DE4-0-4A06DE7,10383852,8924116,7.69E+13,18-04-2019,1,57.5,0,0,57.5,11.5,69,0,1
TSH,Product P,32 / B / FtO,9F-01C-6B5-22E-7-073E355,40522014,7087980,6.44E+13,20-11-2018,1,79.17,-4.53,0,74.64,14.93,89.57,0,1
OUT,Product W,32 / B / FtO,B6-F5A-B1B-051-F-7361105,87226152,4565884,8.58E+13,19-12-2018,-1,0,0,-66,-66,-13.2,-79.2,-1,0
YQX,Product H,36 / A / FtO,1D-B55-67B-07D-F-75357CE,14115717,2192242,5.78E+13,14-11-2018,-1,0,0,-74.16,-74.16,-14.84,-89,-1,0
RJF,Product P,32 / A / FtO,D9-FBB-83F-429-F-51CFE08,84452481,1338471,3.40E+13,26-03-2019,1,79.16,-16.66,0,62.5,12.5,75,0,1
XEB,Product P,31 / A / FtO,AA-BDF-076-A77-3-AB997BE,86889819,9479867,6.64E+13,28-02-2019,1,79.17,-16.67,0,62.5,12.5,75,0,1
LQS,Product C,33 / C / FtO,17-465-EED-750-1-BFEC324,26922227,6908505,3.50E+13,02-11-2018,1,82.5,0,0,82.5,16.5,99,0,1
WHX,Product A,34 / B / FtO,9D-D1B-FA1-0A5-1-B6F673C,80366662,6142407,9.93E+13,30-04-2019,1,107.5,-20.83,0,86.67,17.33,104,0,1
LQS,Product C,32 / A / 29,61-774-657-1C7-8-ED6A47A,86848094,6058458,2.04E+13,09-12-2018,1,82.5,0,0,82.5,16.5,99,0,1
WHX,Product P,30 / A / FtO,DB-92F-6DF-18F-5-13B09BC,15144104,5225645,6.49E+13,26-11-2018,1,79.17,-15.84,0,63.33,12.67,76,0,1
YQX,Product N,XL / St / Re,7D-5CA-BBD-A1B-7-9844F56,38761153,8639097,5.54E+13,04-04-2019,1,40.83,0,0,40.83,8.17,49,0,1
WHX,Product D,32 / B / FtO,18-E7C-DCC-C2D-D-B9DBE7F,99422590,3096801,9.61E+13,15-02-2019,1,74.17,0,0,74.17,14.83,89,0,1
RJF,Product P,36 / B / FtO,7C-D23-B98-39F-E-93ABC5C,56109013,6014872,3.73E+13,25-03-2019,1,79.16,-7.91,0,71.25,14.25,85.5,0,1
NSP,Product P,31 / B / FtO,4E-B28-2BF-759-B-C9617A9,22559066,9647700,2.52E+13,23-11-2018,-1,0,0,-74.17,-74.17,-14.83,-89,-1,0
XEB,Product P,30 / A / FtO,AA-60A-D19-0E8-E-F341132,19533497,2624118,9.72E+13,09-03-2019,1,79.17,-20.84,0,58.33,11.67,70,0,1
WHX,Product P,35 / A / FtO,B3-23B-1A3-62D-A-287B1D1,99622642,2340103,7.95E+13,20-12-2018,-1,0,0,-63.34,-63.34,-12.66,-76,-1,0
WHX,Product A,30 / A / FtO,7F-81E-8C5-267-C-23675DE,16264779,3990485,2.05E+13,13-11-2018,1,107.5,-10.75,0,96.75,19.35,116.1,0,1
WHX,Product P,34 / B / FtO,4A-30E-267-CB3-1-506E7F7,35638092,3283767,9.54E+13,19-04-2019,1,79.16,-7.91,0,71.25,14.25,85.5,0,1
KNB,Product P,32 / B / 31,0D-568-E49-D18-6-8D6C667,11708904,7425599,9.65E+13,26-12-2018,1,79.17,-12.61,0,66.56,13.31,79.87,0,1
DFH,Product G,30 / B / 9,BD-859-C95-F3A-6-954798A,73544700,4540439,1.51E+13,26-04-2019,1,57.49,-10.41,0,47.08,9.42,56.5,0,1
DPR,DPR,89,B4-CA5-576-2BB-C-22AC3F0,98970920,5174302,5.55E+13,17-12-2018,1,89,0,0,89,0,89,0,1
YQX,Product H,34 / A / FtO,7F-323-5FB-8CB-6-E7A9CC6,56155417,5270488,4.69E+13,24-04-2019,-1,0,0,-74.17,-74.17,-14.83,-89,-1,0
LQS,Product C,38 / A / FtO,09-186-8F4-134-C-24F2C4F,26922227,7889401,7.82E+13,21-01-2019,1,82.5,0,0,82.5,16.5,99,0,1
FTU,Product R,L / St / Re,7B-88B-1C4-A1E-5-F384A48,88419828,8114379,6.83E+13,03-04-2019,1,29.17,0,0,29.17,5.83,35,0,1
RJF,Product P,34 / C / FtO,48-9EE-A35-3BA-C-BB56E5E,91915815,7140674,6.62E+13,02-04-2019,1,79.17,0,0,79.17,15.83,95,0,1
YQX,Product N,M+ / St / Re,38-C23-9C5-560-4-A73C109,38761153,2030081,2.78E+13,26-03-2019,1,40.83,0,0,40.83,8.17,49,0,1
WHX,Product D,34 / A / FtO,D4-C6F-884-7F1-5-8ED5D4B,50418124,8790940,1.28E+13,28-04-2019,1,74.16,-4.05,0,70.11,14.02,84.13,0,1
FTU,Product N,M+ / Sl / Sh,38-20B-AA5-FC1-A-E12AC03,54388513,2355378,5.10E+13,27-04-2019,1,40.83,0,0,40.83,8.17,49,0,1
XEB,Product P,34 / B / FtO,0D-DE2-008-E6C-8-05DF67E,88881738,1583773,9.31E+13,10-02-2019,1,79.17,-16.67,0,62.5,12.5,75,0,1
OTH,Product P,36 / B / FtO,A6-BF2-CC7-882-A-6FAB9F2,16345004,9514523,3.72E+13,15-03-2019,1,79.17,0,0,79.17,15.83,95,0,1
AZN,Product Q,33 / A / 32,5F-370-DBF-AD8-1-E787D33,90608498,2235902,8.66E+13,02-01-2019,1,51.66,0,0,51.66,10.34,62,0,1
WHX,Product P,33 / C / FtO,C5-949-C9D-B2A-1-7B5DD9D,19930695,2260022,1.73E+13,20-01-2019,1,79.17,0,0,79.17,15.83,95,0,1
QID,Product A,40 / B / FtO,BA-F66-8B5-3DD-8-ADF9E45,24064862,2644878,3.67E+13,19-11-2018,1,107.5,-21.5,0,86,17.2,103.2,0,1
YQX,Product H,34 / A / FtO,7F-323-5FB-8CB-6-E7A9CC6,56155417,8411347,2.04E+13,22-02-2019,1,74.16,0,0,74.16,14.84,89,0,1
RJF,Product P,37 / B / FtO,5B-AD8-C54-EEA-4-A68B15D,33132884,6199907,9.62E+13,25-01-2019,-1,0,0,-63.33,-63.33,-12.67,-76,-1,0
KNB,Product O,30 / B / 7,68-62B-1BF-0AA-E-C3782E8,73544700,8325158,7.75E+13,26-04-2019,1,57.5,0,0,57.5,11.5,69,0,1
FQD,Product I,34 / B / FtO,48-AC9-A98-823-9-02CEB62,53777675,5100487,4.23E+13,28-04-2019,1,79.17,0,0,79.17,15.83,95,0,1
KDP,Product H,36 / A / FtO,9A-D32-460-CD8-3-8FEA7B0,34825846,5219506,4.99E+13,21-04-2019,1,74.17,0,0,74.17,14.83,89,0,1
AYN,Product H,33 / B / FtO,B2-6F1-C7D-824-4-5AD849C,57555781,8479020,8.25E+13,06-12-2018,-1,0,0,-66.75,-66.75,-13.35,-80.1,-1,0
ZQV,Product W,34 / C / FtO,6F-86A-A6A-DDD-3-AC254C7,44945143,5322230,5.97E+13,27-11-2018,1,82.5,-16.5,0,66,13.2,79.2,0,1
WHX,Product P,32 / A / FtO,93-BCE-0C8-1F0-0-CE76A69,66995443,9923556,8.18E+13,12-02-2019,1,79.17,0,0,79.17,15.83,95,0,1
NWB,Product H,36 / B / 33,C3-FDE-360-3DC-6-2680F42,62141120,9066865,4.84E+13,05-11-2018,-1,0,0,-74.17,-74.17,-14.83,-89,-1,0
WHX,Product P,35 / B / FtO,A9-770-EAB-2C5-4-E45BA7C,96971321,2147385,7.92E+13,08-01-2019,1,79.17,-12.3,0,66.87,13.38,80.25,0,1
KDP,Product N,XL / St / Lo,81-D5E-98B-62D-D-102E61C,88176838,8.02E+13,5.61E+13,14-01-2019,-1,0,0,-24.17,-24.17,-4.83,-29,-1,0
WHX,Product D,33 / A / FtO,59-D9E-0C2-348-C-DB04ABA,29996555,3427562,1.34E+13,28-03-2019,1,74.16,0,0,74.16,14.84,89,0,1
WHX,Product D,34 / B / FtO,78-AC0-420-2A7-C-2F18981,79976637,6518629,5.27E+13,13-04-2019,1,74.17,0,0,74.17,14.83,89,0,1
RJF,Product P,36 / C / FtO,BC-0DF-CDF-7B9-6-79DB2AC,95083972,9771895,9.58E+13,05-03-2019,-1,0,0,-79.16,-79.16,-15.84,-95,-1,0
NSP,Product P,36 / B / FtO,41-E8A-9E1-9F6-D-C3101BB,22559066,7914114,9.93E+13,02-01-2019,1,55,0,0,55,11,66,0,1
YQX,Product H,33 / B / 29,64-81D-091-109-3-C04FFAE,19402329,5790826,5.06E+13,14-02-2019,1,74.17,-14.84,0,59.33,11.87,71.2,0,1
RIH,Product P,40 / B / 34,30-955-355-7C8-E-2300D29,23139689,5942662,1.24E+13,12-01-2019,1,36.67,0,0,36.67,7.33,44,0,1
WHX,Product P,38 / C / FtO,1C-F31-5C5-A71-9-E27F89C,23625707,3216067,7.75E+13,16-02-2019,1,79.17,0,0,79.17,15.83,95,0,1
FQD,Product H,32 / B / FtO,3D-952-46C-239-1-E846BE7,61310715,4161451,6.95E+13,27-02-2019,1,74.17,0,0,74.17,14.83,89,0,1
FTU,Product N,S / Sl / Re,05-029-6A6-72D-D-0E42D55,54388513,6160725,8.07E+13,19-12-2018,-1,0,0,-39.33,-39.33,-7.87,-47.2,-1,0
AYN,Product H,31 / B / FtO,15-6AC-9A1-77D-E-60674C6,52659786,5669163,5.36E+13,14-04-2019,1,74.16,-7.41,0,66.75,13.35,80.1,0,1
XEB,Product P,31 / A / FtO,AA-BDF-076-A77-3-AB997BE,86889819,8303666,7.15E+13,23-03-2019,1,79.16,0,0,79.16,15.84,95,0,1
CLH,Product B,38 / C / FtO,63-BA8-FA7-C62-7-F90F390,24064862,2556364,5.68E+13,24-11-2018,1,82.5,-16.5,0,66,13.2,79.2,0,1
AYN,Product H,34 / A / FtO,4E-2A3-483-73C-6-FDE84AF,92215853,6527466,8.04E+13,23-11-2018,-1,0,0,-74.16,-74.16,-14.84,-89,-1,0
OHR,Product D,34 / C / FtO,48-666-903-650-2-93670CB,40522014,1711085,5.42E+13,05-01-2019,1,36.67,0,0,36.67,7.33,44,0,1
XEB,Product P,32 / A / FtO,9B-4F6-394-270-9-B42418C,29493563,6807318,4.60E+13,27-12-2018,1,79.17,-7.92,0,71.25,14.25,85.5,0,1
BKT,Product U,37 / A / 7,07-7F9-68C-8B1-4-27DAD91,13479579,8784738,2.33E+13,13-01-2019,1,28.33,0,0,28.33,5.67,34,0,1
WHX,Product P,32 / A / FtO,93-BCE-0C8-1F0-0-CE76A69,66995443,4819014,7.10E+13,29-11-2018,1,79.17,0,0,79.17,15.83,95,0,1
CLH,Product B,30 / C / FtO,22-F58-AA1-6F6-A-FA217D3,24064862,6203125,7.54E+13,22-01-2019,1,82.5,0,0,82.5,16.5,99,0,1
INU,Product D,40 / B / FtO,CC-FB8-FC7-308-A-AF27E5E,19814633,8057770,3.12E+13,27-01-2019,1,74.17,-20.84,0,53.33,10.67,64,0,1
WHX,Product A,34 / B / FtO,9D-D1B-FA1-0A5-1-B6F673C,80366662,3130912,6.47E+13,23-04-2019,-1,0,0,-107.5,-107.5,-21.5,-129,-1,0
YQX,Product H,34 / A / FtO,7F-323-5FB-8CB-6-E7A9CC6,56155417,9547081,4.18E+13,23-11-2018,1,74.18,-14.84,0,59.34,11.86,71.2,0,1
RJF,Product P,36 / A / FtO,41-632-13A-3C4-7-746DF74,71171205,5866225,6.29E+13,19-11-2018,1,79.17,-10.42,0,68.75,13.75,82.5,0,1
NSP,Product P,33 / B / FtO,1A-671-750-AA9-8-E6CB734,22559066,4655858,7.19E+13,26-12-2018,1,55,0,0,55,11,66,0,1
WHX,Product A,38 / B / 34,7E-DAD-8E2-3C0-B-EC15779,40529625,2961447,1.08E+13,30-12-2018,1,107.52,-21.51,0,86.01,17.19,103.2,0,1
YQX,Product R,M+ / St / Lo,78-F91-FE4-510-0-8763909,88419828,8816305,2.33E+13,18-04-2019,1,29.17,0,0,29.17,5.83,35,0,1
AYN,Product H,37 / A / FtO,43-FDF-69F-C0D-E-3029919,39050799,9435470,6.79E+13,25-03-2019,1,74.16,-20.83,0,53.33,10.67,64,0,1
XEB,Product P,32 / B / 31,4E-D37-367-866-3-EF79F44,72542684,2678819,6.35E+13,20-02-2019,1,79.17,0,0,79.17,15.83,95,0,1
QID,Product H,40 / B / FtO,76-40D-DD3-18F-E-138F7FD,8.42E+13,2722151,8.69E+13,02-12-2018,1,74.17,0,0,74.17,14.83,89,0,1
HZX,Product B,31 / A / FtO,61-640-41D-332-B-A9D4522,24064862,8615807,3.68E+13,01-11-2018,-1,0,0,-82.5,-82.5,-16.5,-99,-1,0
QID,Product H,32 / A / FtO,04-C33-7C3-878-A-F7EC808,17627416,5883900,9.56E+13,03-01-2019,1,74.16,0,0,74.16,14.84,89,0,1
OTH,Product P,31 / A / FtO,5D-FFB-F0C-0B2-2-DB7CA0B,16345004,8100474,7.97E+13,25-04-2019,1,79.16,-20.83,0,58.33,11.67,70,0,1
NMA,Product H,38 / C / FtO,C2-7B6-D68-6DA-C-8C0D473,22559066,9420441,1.67E+13,18-04-2019,1,74.17,0,0,74.17,14.83,89,0,1
ZQV,Product W,32 / A / FtO,0E-BC7-D24-40A-9-A2205C8,44945143,7686747,4.92E+13,03-11-2018,1,82.5,0,0,82.5,16.5,99,0,1
OTH,Product D,34 / C / FtO,DD-914-4EC-BB8-9-EA7CDEF,61310715,4653153,3.39E+13,30-03-2019,1,74.17,0,0,74.17,14.83,89,0,1
NWB,Product H,33 / B / 31,4A-336-719-0C1-3-908DF7E,91700025,7949682,4.51E+13,12-01-2019,1,51.67,0,0,51.67,10.33,62,0,1
WHX,Product P,38 / B / FtO,D3-399-7FD-56A-D-DDE2CE2,21206865,1.29E+13,7.60E+13,07-11-2018,-1,0,0,-74.17,-74.17,-14.83,-89,-1,0
ZQV,Product W,30 / A / FtO,49-A4D-0EE-80A-B-60F8936,44945143,5.85E+13,6.98E+13,24-11-2018,1,82.5,-16.5,0,66,13.2,79.2,0,1
WHX,Product D,32 / A / FtO,1C-89C-388-1D0-D-726D144,36502945,4946382,6.68E+13,21-01-2019,-1,0,0,-66.75,-66.75,-13.35,-80.1,-1,0
LPZ,Product P,28 / A / 28,57-AF9-3EC-F28-3-FE8CD12,28433082,3627019,5.67E+13,24-01-2019,-1,0,0,-36.67,-36.67,-7.33,-44,-1,0
YMR,Product W,38 / B / FtO,5C-ED5-EE8-0D9-3-CDA5945,44945143,5211921,2.73E+13,05-01-2019,1,57.5,-8.63,0,48.87,9.78,58.65,0,1
RJF,Product P,36 / B / FtO,7C-D23-B98-39F-E-93ABC5C,56109013,4649183,2.06E+13,12-11-2018,-1,0,0,-64.31,-64.31,-12.86,-77.17,-1,0
XEB,Product P,40 / B / FtO,20-B9C-D64-F8D-E-60800A2,45841907,7801561,7.73E+13,22-03-2019,1,79.16,0,0,79.16,15.84,95,0,1
QID,Product H,32 / A / FtO,04-C33-7C3-878-A-F7EC808,17627416,7088409,3.57E+13,28-11-2018,-1,0,0,-66.75,-66.75,-13.35,-80.1,-1,0
QID,Product H,34 / B / FtO,C9-414-FFC-143-B-93F2FD7,58925511,1867759,3.89E+13,28-11-2018,1,74.17,0,0,74.17,14.83,89,0,1
QID,Product H,33 / B / FtO,18-12C-337-0A2-A-44C1A31,46045856,1882877,2.41E+13,26-04-2019,1,74.17,0,0,74.17,14.83,89,0,1
AYN,Product H,32 / B / FtO,9A-143-282-66A-A-75CFBFC,14290618,7470330,7.77E+13,31-03-2019,1,74.17,0,0,74.17,14.83,89,0,1
RJF,Product P,33 / B / FtO,3D-687-99C-14F-4-661E2E7,42015157,1605452,7.95E+13,08-03-2019,1,79.17,-7.92,0,71.25,14.25,85.5,0,1
LQS,Product C,33 / B / FtO,5B-19C-5CB-F6B-4-97D21D1,26922227,5529354,7.56E+13,19-11-2018,1,82.5,-16.5,0,66,13.2,79.2,0,1
JAF,Product W,33 / A / FtO,DF-9E6-A0C-58F-C-E456BFF,87226152,2201149,8.79E+13,24-11-2018,1,82.5,-16.5,0,66,13.2,79.2,0,1
YMR,Product W,33 / C / 28,A6-86C-819-394-2-69BBE3A,30076956,3167826,6.78E+13,08-03-2019,1,57.5,0,0,57.5,11.5,69,0,1
OTH,Product P,35 / B / 34,08-F88-17F-91B-B-F66B593,65237520,1571145,4.06E+13,10-04-2019,1,79.16,-7.91,0,71.25,14.25,85.5,0,1
OTH,Product P,34 / A / FtO,AB-F30-E6E-47D-F-496CB71,16345004,3973819,1.34E+13,27-04-2019,1,79.16,-20.83,0,58.33,11.67,70,0,1
NMA,Product H,31 / B / FtO,A8-2B0-86A-8C1-5-25EF109,22559066,5622055,4.10E+13,15-02-2019,1,74.17,-7.42,0,66.75,13.35,80.1,0,1
HZX,Product B,36 / C / 32,FC-A7C-CB6-26F-1-5F95E7D,30076956,7081397,3.22E+13,27-11-2018,1,82.5,0,0,82.5,16.5,99,0,1
WHX,Product A,40 / C / FtO,50-FAB-9CA-570-6-60A9B91,88825540,1226373,6.90E+13,03-02-2019,-1,0,0,-100.88,-100.88,-20.18,-121.06,-1,0
WHX,Product D,32 / B / FtO,18-E7C-DCC-C2D-D-B9DBE7F,99422590,6653713,1.14E+13,16-01-2019,-1,0,0,-74.17,-74.17,-14.83,-89,-1,0
FTU,Product R,M+ / Sl / Lo,D7-6A2-FDD-DEA-2-B32F7A3,88419828,7780627,8.41E+13,29-03-2019,1,29.17,0,0,29.17,5.83,35,0,1
QID,Product H,33 / B / FtO,18-12C-337-0A2-A-44C1A31,46045856,8591327,3.08E+13,16-03-2019,1,89,-8.9,0,80.1,0,80.1,0,1
XEB,Product P,38 / A / FtO,8C-EF8-465-336-8-0B9C5A6,61814589,5692777,9.97E+13,03-02-2019,-1,0,0,-79.17,-79.17,-15.83,-95,-1,0
RJF,Product P,34 / B / FtO,32-AA7-838-2C8-E-1195FE8,98393407,4382026,1.16E+13,22-03-2019,1,79.16,-7.91,0,71.25,14.25,85.5,0,1
OTH,Product D,35 / B / FtO,6C-D6D-345-A04-A-2BF6815,61310715,7644785,9.63E+13,25-04-2019,1,74.17,0,0,74.17,14.83,89,0,1
YQX,Product E,34 / B / FtO,3F-F79-0A6-390-6-85C763D,38274452,7547933,7.45E+13,16-11-2018,1,99.17,0,0,99.17,19.83,119,0,1
OTH,Product P,37 / C / FtO,12-87D-647-75E-9-BF462C2,16345004,1664878,8.18E+13,16-02-2019,1,79.17,-7.92,0,71.25,14.25,85.5,0,1
WHX,Product P,37 / A / 29,9F-4B6-2F4-CAA-D-38CBED5,68351923,8784738,2.33E+13,05-02-2019,-1,0,0,-79.17,-79.17,-15.83,-95,-1,0
RIH,Product H,34 / B / 30,62-288-F8E-D74-B-A70FE33,28069370,2217816,8.01E+13,24-12-2018,1,51.67,0,0,51.67,10.33,62,0,1
TSH,Product N,XL / Sl / Lo,2C-4C9-035-359-B-DEF9070,57946473,6716494,3.48E+13,05-03-2019,-1,0,0,-49.16,-49.16,-9.84,-59,-1,0
WHX,Product P,36 / A / 28,4B-C46-E04-BC2-D-2487C9E,22570228,8082458,5.02E+13,30-03-2019,1,79.17,0,0,79.17,15.83,95,0,1
TSH,Product P,38 / B / FtO,75-E99-0F7-3E0-F-C4A2C94,40522014,4769258,8.27E+13,22-01-2019,-1,0,0,-55,-55,-11,-66,-1,0
CLH,Product B,34 / B / FtO,CD-4D4-927-4E9-4-3BFFFFB,24064862,3140934,1.99E+13,26-11-2018,1,82.5,-16.5,0,66,13.2,79.2,0,1
QID,Product H,40 / B / FtO,76-40D-DD3-18F-E-138F7FD,8.42E+13,2534750,8.90E+13,13-02-2019,-1,0,0,-74.17,-74.17,-14.83,-89,-1,0
OTH,Product P,32 / B / FtO,37-9D1-AC6-D48-E-F2D4507,16345004,1547022,8.67E+13,27-03-2019,-1,0,0,-79.17,-79.17,-15.83,-95,-1,0
FQD,Product I,34 / B / FtO,48-AC9-A98-823-9-02CEB62,53777675,1459987,6.63E+13,18-04-2019,1,79.17,0,0,79.17,15.83,95,0,1
RJF,Product P,37 / A / FtO,AD-479-A78-BD9-3-AE67042,28012380,8430169,8.59E+13,15-03-2019,1,79.16,0,0,79.16,15.84,95,0,1
LQS,Product C,31 / B / FtO,CE-2C1-06A-BEA-9-E2420EB,26922227,1719454,9.01E+13,22-11-2018,-1,0,0,-74.25,-74.25,-14.85,-89.1,-1,0
RIH,Product D,31 / C / FtO,D6-33F-687-AA9-B-924B09E,86550793,1395211,3.80E+13,28-02-2019,-1,0,0,-36.67,-36.67,-7.33,-44,-1,0
QID,Product H,30 / A / FtO,48-A53-E6F-37E-B-72543D1,98751135,4745906,5.40E+13,26-11-2018,1,74.18,-14.84,0,59.34,11.86,71.2,0,1
EKJ,Product O,32 / B / 9,D9-455-1FD-6E8-C-61A25AF,73544700,8088731,8.32E+13,24-04-2019,1,57.5,0,0,57.5,11.5,69,0,1
WHX,Product A,32 / A / FtO,1F-688-D33-147-7-145B5FA,62880921,9566688,8.52E+13,23-11-2018,1,107.5,-21.5,0,86,17.2,103.2,0,1
INU,Product D,32 / A / FtO,0A-D78-708-539-B-11D14F4,19814633,9281886,8.94E+13,27-03-2019,1,74.16,-7.41,0,66.75,13.35,80.1,0,1
MAG,Product B,40 / B / FtO,78-BD5-D57-925-9-16F8BC8,24064862,1736417,8.63E+13,28-11-2018,-1,0,0,-82.5,-82.5,-16.5,-99,-1,0
QID,Product H,32 / A / FtO,04-C33-7C3-878-A-F7EC808,17627416,6234934,9.76E+13,01-03-2019,1,74.17,-16.67,0,57.5,11.5,69,0,1
QMB,Product J,33 / A / 29,23-092-C9A-953-1-35BA8F0,44664743,1945181,7.10E+13,29-01-2019,1,99.17,0,0,99.17,19.83,119,0,1
XEB,Product P,32 / B / FtO,54-50F-3B5-7D2-8-74B12CD,19852484,3995207,2.83E+13,04-11-2018,1,74.17,-20.84,0,53.33,10.67,64,0,1
KNB,Product P,32 / A / FtO,7B-D03-EA4-89A-9-5B1B695,37086199,2630406,3.41E+13,16-12-2018,1,79.17,0,0,79.17,15.83,95,0,1
OHR,Product D,37 / C / 34,BB-CAA-ED1-D46-D-551FD8B,12329597,3213244,3.72E+13,30-12-2018,1,51.67,0,0,51.67,10.33,62,0,1
NSP,Product P,33 / A / 31,38-0EC-398-32C-F-9E2AF69,31095755,5728071,1.32E+13,01-11-2018,1,74.16,0,0,74.16,14.84,89,0,1
WHX,Product D,32 / B / FtO,18-E7C-DCC-C2D-D-B9DBE7F,99422590,1113819,8.40E+13,30-03-2019,1,74.17,0,0,74.17,14.83,89,0,1
QID,Product A,34 / A / FtO,27-FAE-E63-94B-A-F12DF42,24064862,1795235,2.15E+13,13-11-2018,1,107.5,0,0,107.5,21.5,129,0,1
YQX,Product Q,32 / B / 34,F8-380-DF1-1F7-D-DB90EF1,39446031,6093205,4.37E+13,29-12-2018,1,51.67,0,0,51.67,10.33,62,0,1
WHX,Product P,38 / C / FtO,1C-F31-5C5-A71-9-E27F89C,23625707,5710125,7.40E+13,17-12-2018,1,79.17,0,0,79.17,15.83,95,0,1
KDP,Product N,M / Sl / Re,82-E9E-861-663-D-5C8D1AF,88176838,9097565,3.71E+13,06-01-2019,1,24.17,0,0,24.17,4.83,29,0,1
VXH,Product A,32 / A / 30,0F-68C-77B-E03-8-760035E,28576616,4892296,7.55E+13,06-11-2018,-1,0,0,-107.5,-107.5,-21.5,-129,-1,0
QID,Product H,32 / B / FtO,99-64D-02C-98A-A-D059EE8,70865278,9887364,5.23E+13,18-03-2019,1,74.16,-20.83,0,53.33,10.67,64,0,1
WHX,Product P,32 / A / FtO,93-BCE-0C8-1F0-0-CE76A69,66995443,2311112,9.17E+13,12-04-2019,-1,0,0,-79.16,-79.16,-15.84,-95,-1,0
NWB,Product H,37 / B / FtO,12-B0C-415-3AB-F-50EE081,22559066,9659079,8.75E+13,01-12-2018,1,74.17,-7.42,0,66.75,13.35,80.1,0,1
CLH,Product B,30 / A / FtO,F6-606-CEF-560-C-F8383FE,24064862,7545632,6.14E+13,06-01-2019,1,82.5,0,0,82.5,16.5,99,0,1
KNB,Product P,37 / C / FtO,29-436-4BF-303-F-0E63526,67132360,4910426,6.97E+13,26-11-2018,1,79.16,-19.79,0,59.37,11.88,71.25,0,1
LPZ,Product N,L / Sl / Re,F0-91F-BEF-8A1-8-4AB1DF0,50327934,5636441,6.27E+13,02-01-2019,1,24.16,0,0,24.16,4.84,29,0,1
WHX,Product P,36 / B / FtO,91-036-77F-B0C-A-F756CA7,78895639,3770824,8.32E+13,08-01-2019,-1,0,0,-71.25,-71.25,-14.25,-85.5,-1,0
XEB,Product P,34 / A / FtO,27-C04-018-82B-B-E538D3F,98702722,4369200,2.93E+13,29-03-2019,1,79.17,0,0,79.17,15.83,95,0,1
HZX,Product B,34 / B / FtO,A6-0EC-617-787-7-5021AB7,24064862,4411464,6.26E+13,12-11-2018,1,82.5,0,0,82.5,16.5,99,0,1
NMA,Product F,32 / A / FtO,C1-07C-3A6-961-6-563BC2B,38274452,8604518,8.19E+13,04-04-2019,1,99.16,-9.91,0,89.25,17.85,107.1,0,1
YQX,Product E,35 / B / FtO,94-EE2-E03-21B-7-43D2941,38274452,6462329,5.63E+13,17-11-2018,1,99.17,0,0,99.17,19.83,119,0,1
WHX,Product D,34 / B / FtO,78-AC0-420-2A7-C-2F18981,79976637,6201130,7.23E+13,24-11-2018,1,74.17,-14.84,0,59.33,11.87,71.2,0,1
QMB,Product J,34 / B / 32,BF-954-B3B-7DA-E-3F18C05,78327122,2541760,3.82E+13,10-02-2019,1,99.17,0,0,99.17,19.83,119,0,1
OTH,Product P,37 / B / 33,D8-6B0-E60-106-3-5BE56BB,70926371,2499218,6.60E+13,20-02-2019,1,79.16,0,0,79.16,15.84,95,0,1
KNB,Product P,35 / B / FtO,2F-EC6-CAD-C14-2-5A89957,93730445,5463501,5.76E+13,07-12-2018,1,79.17,-20.84,0,58.33,11.67,70,0,1
AYN,Product H,34 / B / FtO,C3-14A-F22-80C-8-9696BDE,34589037,2026328,4.48E+13,20-11-2018,-1,0,0,-74.17,-74.17,-14.83,-89,-1,0
RIH,Product P,35 / B / FtO,F8-991-4FA-AB1-B-27A73F3,96056832,2831832,1.10E+13,02-01-2019,1,36.67,0,0,36.67,7.33,44,0,1
KNB,Product P,33 / B / FtO,CA-D8D-47B-17F-E-3036E98,71375262,4221652,6.74E+13,19-03-2019,1,79.17,0,0,79.17,15.83,95,0,1
OTH,Product P,32 / B / FtO,37-9D1-AC6-D48-E-F2D4507,16345004,9245676,2.38E+13,14-03-2019,1,79.17,0,0,79.17,15.83,95,0,1
XEB,Product P,33 / B / 31,EA-8F2-54C-17A-8-AEA980E,17042414,5223674,7.23E+13,23-11-2018,1,79.17,-15.84,0,63.33,12.67,76,0,1
CLH,Product B,34 / C / 31,1D-6D6-5BF-281-A-0C558AC,68182077,5510111,5.27E+13,08-03-2019,1,82.5,0,0,82.5,16.5,99,0,1
WHX,Product P,30 / A / FtO,DB-92F-6DF-18F-5-13B09BC,15144104,9266488,5.22E+13,06-01-2019,1,79.17,0,0,79.17,15.83,95,0,1
NMA,Product H,34 / B / FtO,FE-254-83B-987-1-44F2D46,22559066,1956314,7.52E+13,07-02-2019,1,74.17,0,0,74.17,14.83,89,0,1
TSH,Product P,31 / A / FtO,48-CBD-767-472-9-7EEC0BF,40522014,9917738,9.05E+13,27-12-2018,1,55,0,0,55,11,66,0,1
AYN,Product P,33 / A / FtO,AA-919-F80-F95-0-F346CAC,27078787,1808358,2.76E+13,25-01-2019,-1,0,0,-55,-55,-11,-66,-1,0
YQX,Product H,34 / B / FtO,07-3BC-D50-361-2-7C5F5AE,72009142,1971056,5.04E+13,08-03-2019,1,74.17,0,0,74.17,14.83,89,0,1
LQS,Product B,36 / A / FtO,C3-9AF-7FB-075-0-384C320,24064862,2518157,9.62E+13,24-11-2018,1,82.5,-16.5,0,66,13.2,79.2,0,1
YYI,Product P,32 / A / 29,AE-446-2E9-30B-E-DCEBDF6,91378233,9475768,6.81E+13,26-12-2018,1,55,0,0,55,11,66,0,1
QID,Product H,38 / C / FtO,22-E3C-4B6-EA9-F-5F6BBB2,64237685,6687598,2.55E+13,10-11-2018,1,74.17,0,0,74.17,14.83,89,0,1
AYN,Product H,33 / C / FtO,0E-2EE-32E-F02-7-8F55F64,21324923,6540329,5.09E+13,12-02-2019,1,74.17,0,0,74.17,14.83,89,0,1
OTH,Product P,40 / B / FtO,DF-40B-970-421-A-DB80D21,16345004,4649658,2.65E+13,26-02-2019,1,79.16,0,0,79.16,15.84,95,0,1
NWB,Product D,36 / A / FtO,39-786-4D6-250-A-44E7661,40522014,7099448,5.62E+13,12-11-2018,1,74.17,0,0,74.17,14.83,89,0,1
WHX,Product A,34 / A / FtO,BB-624-2EC-849-6-55C3AE9,70509397,3438446,6.95E+13,01-02-2019,1,107.5,-10.75,0,96.75,19.35,116.1,0,1
KDP,Product N,L+ / Sl / Lo,12-B0E-AA5-A18-0-3B4F0F4,88176838,3050156,8.82E+13,08-03-2019,1,24.17,0,0,24.17,4.83,29,0,1
WHX,Product P,34 / A / FtO,76-BA0-289-04B-C-9EB5C4F,83605938,9525113,8.92E+13,30-12-2018,1,79.18,-10.21,0,68.97,13.79,82.76,0,1
WHX,Product D,36 / B / FtO,8B-AF6-E40-DDB-1-CF967D6,34467942,1311961,2.90E+13,21-04-2019,1,74.17,0,0,74.17,14.83,89,0,1
RJF,Product P,33 / B / FtO,3D-687-99C-14F-4-661E2E7,42015157,4976971,9.57E+13,14-01-2019,1,79.16,0,0,79.16,15.84,95,0,1
OHR,Product H,36 / B / FtO,A5-8AA-95E-29E-C-1ADEBCA,22559066,7088681,5.83E+13,18-11-2018,1,74.17,-14.84,0,59.33,11.87,71.2,0,1
WHX,Product P,38 / B / FtO,D3-399-7FD-56A-D-DDE2CE2,21206865,6112819,2.67E+13,24-12-2018,1,79.17,-20.84,0,58.33,11.67,70,0,1
AYN,Product P,31 / A / 29,83-A2E-AAF-CBC-D-4C02820,80307069,1961260,1.67E+13,09-03-2019,1,79.16,0,0,79.16,15.84,95,0,1
WHX,Product P,30 / A / FtO,DB-92F-6DF-18F-5-13B09BC,15144104,4792416,2.25E+13,23-03-2019,1,79.17,0,0,79.17,15.83,95,0,1
HZX,Product B,32 / B / FtO,F0-C11-17C-446-5-9432EA7,24064862,3956532,2.55E+13,25-11-2018,1,82.5,-16.5,0,66,13.2,79.2,0,1
FQD,Product O,35 / A / 9,68-B1B-060-E74-4-41A3637,10383852,3294884,9.55E+13,22-04-2019,1,57.5,0,0,57.5,11.5,69,0,1
WHX,Product A,33 / B / FtO,5F-43E-65F-156-0-0AD92FE,20095790,6.79E+13,7.86E+13,09-04-2019,1,107.5,0,0,107.5,21.5,129,0,1
XEB,Product R,XL / St / Re,7D-6CC-022-120-8-BFDD99F,88419828,1449818,5.96E+13,12-04-2019,-1,0,0,-29.17,-29.17,-5.83,-35,-1,0
KNB,Product M,36 / B / FtO,A0-D5A-532-883-4-5C1241A,92567842,1619912,8.32E+13,24-04-2019,1,82.5,0,0,82.5,16.5,99,0,1
NSP,Product P,36 / B / FtO,41-E8A-9E1-9F6-D-C3101BB,22559066,5681662,1.84E+13,22-11-2018,-1,0,0,-74.17,-74.17,-14.83,-89,-1,0
LQS,Product C,34 / A / FtO,DE-2B7-9DF-C6C-D-0323AD4,26922227,5993455,1.27E+13,25-01-2019,-1,0,0,-82.5,-82.5,-16.5,-99,-1,0
YQX,Product H,28 / A / FtO,37-540-1B1-410-A-A5085B6,48556365,5826688,1.87E+13,15-11-2018,1,74.17,0,0,74.17,14.83,89,0,1
WHX,Product P,34 / B / FtO,4A-30E-267-CB3-1-506E7F7,35638092,9064759,2.32E+13,02-01-2019,-2,0,0,-147.92,-147.92,-29.58,-177.5,-2,0
WHX,Product P,31 / A / FtO,E1-B96-373-C3C-2-FD46EF7,78029228,5199351,4.48E+13,12-03-2019,1,79.18,-12.51,0,66.67,13.33,80,0,1
WHX,Product D,34 / B / FtO,78-AC0-420-2A7-C-2F18981,79976637,8563213,3.87E+13,12-03-2019,1,74.17,0,0,74.17,14.83,89,0,1
QMB,Product J,33 / B / FtO,6C-8C3-52D-491-0-A61AD8C,72085551,8103322,7.85E+13,14-12-2018,1,99.17,0,0,99.17,19.83,119,0,1
KNB,Product P,34 / B / FtO,C1-87B-404-415-F-650D609,50738429,1813099,9.68E+13,17-03-2019,1,79.16,-7.91,0,71.25,14.25,85.5,0,1
OTH,Product P,38 / B / FtO,1C-314-66D-995-F-0062F4B,16345004,9326356,9.96E+13,15-03-2019,1,79.17,0,0,79.17,15.83,95,0,1
QID,Product H,32 / B / FtO,99-64D-02C-98A-A-D059EE8,70865278,3.33E+13,7.38E+13,23-11-2018,1,74.17,-14.84,0,59.33,11.87,71.2,0,1
JAF,Product W,31 / A / FtO,2F-3D9-56B-49F-C-2148682,87226152,4993762,9.29E+13,02-01-2019,2,81.68,-8.18,0,73.5,14.7,88.2,0,2
YQX,Product H,34 / B / FtO,07-3BC-D50-361-2-7C5F5AE,72009142,8344702,4.69E+13,17-02-2019,1,74.16,0,0,74.16,14.84,89,0,1
WHX,Product P,34 / A / FtO,76-BA0-289-04B-C-9EB5C4F,83605938,8838385,6.52E+13,17-02-2019,1,79.17,0,0,79.17,15.83,95,0,1
ZQV,Product W,34 / B / FtO,8B-6C7-6E2-4DE-D-7036618,44945143,5296246,9.84E+13,25-11-2018,1,82.5,-16.5,0,66,13.2,79.2,0,1
LQS,Product B,31 / B / FtO,49-38A-1E0-5BE-0-E14F799,24064862,8397805,6.78E+13,24-11-2018,1,82.5,-16.5,0,66,13.2,79.2,0,1
FQD,Product H,34 / A / FtO,02-10A-DEB-665-9-76E2845,61310715,9000435,5.18E+13,02-04-2019,1,74.16,-3.32,0,70.84,14.17,85.01,0,1
YQX,Product H,34 / A / FtO,7F-323-5FB-8CB-6-E7A9CC6,56155417,5818514,2.93E+13,03-03-2019,1,74.17,0,0,74.17,14.83,89,0,1
AYN,Product P,30 / A / 28,42-616-5A6-6FE-B-4D5D691,80307069,6026204,7.65E+13,08-04-2019,1,79.16,-20.83,0,58.33,11.67,70,0,1
WHX,Product D,33 / B / FtO,1E-6CF-5AF-AA7-E-0D1A481,31220529,6149905,8.75E+13,01-03-2019,1,74.17,-7.42,0,66.75,13.35,80.1,0,1
RIH,Product P,32 / A / 30,C2-BA3-221-5C3-1-09094DF,12910078,4331363,3.85E+13,02-01-2019,1,36.67,0,0,36.67,7.33,44,0,1
RJF,Product P,36 / A / FtO,41-632-13A-3C4-7-746DF74,71171205,3811737,5.03E+13,28-01-2019,1,79.16,0,0,79.16,15.84,95,0,1
WHX,Product P,40 / B / FtO,AC-93B-065-BD2-A-5D62CD8,14526828,8176802,3.12E+13,06-03-2019,1,79.17,0,0,79.17,15.83,95,0,1
KNB,Product P,32 / B / FtO,C5-B40-3CE-CB1-9-672218E,30277881,7711391,8.28E+13,17-04-2019,1,79.17,0,0,79.17,15.83,95,0,1
WHX,Product P,34 / B / FtO,4A-30E-267-CB3-1-506E7F7,35638092,8598041,6.38E+13,02-01-2019,1,79.16,0,0,79.16,15.84,95,0,1
EKJ,Product O,33 / A / 11,71-00B-F1B-DD2-E-C1EE5A3,73544700,5941330,2.26E+13,25-04-2019,1,57.5,0,0,57.5,11.5,69,0,1
QID,Product A,31 / A / FtO,92-C2A-555-D34-0-763849B,24064862,1090251,4.31E+13,18-11-2018,1,107.5,-21.5,0,86,17.2,103.2,0,1
NMA,Product D,34 / B / FtO,3D-07C-D1C-EC5-7-3B61B82,32740590,4483674,5.77E+13,18-02-2019,1,74.17,0,0,74.17,14.83,89,0,1
YQX,Product N,L+ / Sl / Lo,D3-E1F-0BF-DB4-B-9941437,38761153,6265056,6.62E+13,27-11-2018,1,49.17,-4.92,0,44.25,8.85,53.1,0,1
WHX,Product D,32 / B / FtO,18-E7C-DCC-C2D-D-B9DBE7F,99422590,2096828,5.40E+13,10-04-2019,1,74.17,0,0,74.17,14.83,89,0,1
WHX,Product P,34 / B / FtO,4A-30E-267-CB3-1-506E7F7,35638092,4552743,4.22E+13,24-01-2019,1,79.17,-7.92,0,71.25,14.25,85.5,0,1
QID,Product H,36 / A / FtO,94-517-2C8-295-E-51BD869,85931727,1780820,2.41E+13,15-04-2019,1,74.17,0,0,74.17,14.83,89,0,1
NMA,Product D,34 / B / FtO,3D-07C-D1C-EC5-7-3B61B82,32740590,3798662,1.48E+13,11-03-2019,1,74.17,-7.42,0,66.75,13.35,80.1,0,1
YQX,Product N,M / Sl / Re,89-47B-BF6-CE1-F-217D2D8,38761153,1618519,2.57E+13,19-03-2019,-1,0,0,-40.83,-40.83,-8.17,-49,-1,0
ZQV,Product W,38 / A / FtO,84-3DF-CB0-75A-1-0E6C14E,44945143,9467898,7.42E+13,03-01-2019,1,57.5,0,0,57.5,11.5,69,0,1
OHR,Product N,L+ / St / Re,DF-4A1-560-217-7-089EDE1,57946473,4602237,2.15E+13,28-04-2019,1,40.84,0,0,40.84,8.16,49,0,1
AYN,Product P,34 / B / 34,3A-A06-BC6-7CD-F-0758223,86566529,1247698,8.97E+13,30-04-2019,-1,0,0,-71.92,-71.92,-14.39,-86.31,-1,0
XEB,Product R,S / Sl / Sh,63-C1F-107-794-4-0D83F24,88419828,1715372,6.82E+13,15-03-2019,1,29.17,-7.29,0,21.88,4.37,26.25,0,1
VXH,Product A,34 / B / 31,F2-B1C-E75-240-E-CE14C3F,63821910,8442087,3.04E+13,09-11-2018,1,107.5,-10.75,0,96.75,19.35,116.1,0,1
CLH,Product B,31 / B / 30,FE-E1F-AEC-DCC-7-4D2389A,97896910,6296381,7.32E+13,23-12-2018,1,82.5,0,0,82.5,16.5,99,0,1
EYV,Product H,33 / B / FtO,AE-017-C6F-C26-2-2967203,22559066,9067011,8.54E+13,24-12-2018,1,51.67,0,0,51.67,10.33,62,0,1
VTH,Product Q,35 / C / 29,B1-A81-8C5-43D-6-F8E67A8,16661495,5202067,7.81E+13,25-03-2019,-1,0,0,-33,-33,-6.6,-39.6,-1,0
OVT,Product U,32 / A / 9,9D-7AB-50C-CB3-4-26B908A,45873851,5371388,5.45E+13,16-01-2019,-1,0,0,-36,-36,-7.2,-43.2,-1,0
QID,Product H,33 / B / FtO,18-12C-337-0A2-A-44C1A31,46045856,4707864,4.63E+13,21-03-2019,1,74.16,-14.83,0,59.33,11.87,71.2,0,1
WHX,Product D,38 / B / FtO,40-824-C19-E98-7-D65187C,14511679,4218671,5.93E+13,10-01-2019,1,74.17,-7.42,0,66.75,13.35,80.1,0,1
TSH,Product N,M+ / Sl / Re,48-31A-34B-C35-A-3906D49,57946473,4029832,5.01E+13,29-03-2019,1,40.83,0,0,40.83,8.17,49,0,1
XEB,Product D,34 / A / FtO,EA-048-158-A25-3-11DAA3E,27215940,3690571,4.56E+13,26-12-2018,1,51.67,0,0,51.67,10.33,62,0,1
QID,Product H,30 / A / FtO,48-A53-E6F-37E-B-72543D1,98751135,1730919,2.71E+13,11-03-2019,-1,0,0,-70,-70,-14,-84,-1,0
OUT,Product W,35 / B / 32,DD-3EA-7D1-5B7-F-50E8E25,20950672,4727888,6.99E+13,02-01-2019,1,57.5,-8.63,0,48.87,9.78,58.65,0,1
OHR,Product D,40 / C / FtO,0C-C64-A74-AB6-8-032EF9D,40522014,6169735,3.94E+13,09-12-2018,1,74.16,-18.54,0,55.62,11.13,66.75,0,1
AYN,Product H,32 / B / FtO,9A-143-282-66A-A-75CFBFC,14290618,6776302,4.96E+13,09-04-2019,-1,0,0,-59.33,-59.33,-11.87,-71.2,-1,0
XEB,Product D,37 / C / FtO,1E-A57-949-24A-2-656397C,27215940,1987532,6.82E+13,19-11-2018,1,74.17,0,0,74.17,14.83,89,0,1
XEB,Product P,35 / A / FtO,5D-4DF-651-085-0-DDBFC95,24108808,9286782,4.20E+13,23-11-2018,1,79.17,-15.84,0,63.33,12.67,76,0,1
YQX,Product H,34 / A / FtO,7F-323-5FB-8CB-6-E7A9CC6,56155417,1248783,3.90E+13,28-04-2019,1,74.16,-3.77,0,70.39,14.08,84.47,0,1
WHX,Product P,32 / A / FtO,93-BCE-0C8-1F0-0-CE76A69,66995443,6666040,2.25E+13,26-12-2018,1,79.17,-7.92,0,71.25,14.25,85.5,0,1
NSP,Product P,31 / A / FtO,B2-C32-2CB-72A-E-77A8891,22559066,2851509,4.29E+13,27-12-2018,1,55,0,0,55,11,66,0,1
QID,Product H,36 / A / FtO,94-517-2C8-295-E-51BD869,85931727,9667562,4.09E+13,22-03-2019,1,74.17,0,0,74.17,14.83,89,0,1
YQX,Product H,34 / C / FtO,4E-704-D68-7D8-0-039056F,25390669,1134038,4.61E+13,08-04-2019,-1,0,0,-66.75,-66.75,-13.35,-80.1,-1,0
QID,Product H,28 / A / 32,BC-6D1-272-F7F-2-B25AABD,91354475,2056151,3.81E+13,23-02-2019,-1,0,0,-59.33,-59.33,-11.87,-71.2,-1,0
XEB,Product P,28 / A / FtO,01-A97-336-D1E-0-7CA4A5C,74841968,7436879,9.43E+13,02-02-2019,1,79.17,-7.92,0,71.25,14.25,85.5,0,1
KNB,Product P,33 / C / FtO,28-673-7A1-E85-2-79EA8FD,90240802,4959504,7.44E+13,24-04-2019,-1,0,0,-79.17,-79.17,-15.83,-95,-1,0
OHR,Product N,M+ / Sl / Re,C4-1BF-A33-107-C-C4C0A40,57946473,3987417,3.69E+13,24-11-2018,1,49.17,-9.84,0,39.33,7.87,47.2,0,1
WHX,Product P,35 / C / FtO,A3-274-634-D8B-9-EBDAC63,62630377,6710565,1.72E+13,19-02-2019,-1,0,0,-79.17,-79.17,-15.83,-95,-1,0
YQX,Product R,L / St / Re,0B-1AB-828-1BC-C-69A9B3A,88419828,5504969,7.00E+13,19-03-2019,1,29.17,0,0,29.17,5.83,35,0,1
ZQV,Product W,36 / C / FtO,C0-972-CB8-C3C-5-421E6AD,44945143,5492128,2.85E+13,01-11-2018,1,82.5,0,0,82.5,16.5,99,0,1
ELV,Product H,34 / B / 33,D6-C2E-1BB-6BA-3-C4D71C1,46610951,3155483,4.07E+13,28-03-2019,-1,0,0,-51.67,-51.67,-10.33,-62,-1,0
KNB,Product P,31 / B / FtO,93-C48-C70-38B-4-4F915F2,51687323,8305380,9.76E+13,28-04-2019,1,79.16,0,0,79.16,15.84,95,0,1
RJF,Product P,36 / C / FtO,BC-0DF-CDF-7B9-6-79DB2AC,95083972,4601973,5.14E+13,23-11-2018,1,79.17,-15.84,0,63.33,12.67,76,0,1
AYN,Product H,32 / A / FtO,E2-A0E-71F-9E2-B-EA592FD,85632133,2220097,5.83E+13,22-03-2019,1,74.16,0,0,74.16,14.84,89,0,1
XEB,Product P,28 / A / 31,90-11F-EB6-5FE-7-ACD0FA7,17042414,1621090,9.67E+13,14-11-2018,1,79.17,-20.84,0,58.33,11.67,70,0,1
QID,Product H,31 / A / 31,E2-152-B85-ED5-F-B945F33,17042414,5140283,2.39E+13,23-11-2018,1,74.17,-14.84,0,59.33,11.87,71.2,0,1
KNB,Product P,36 / B / FtO,2C-E29-BCF-7FC-6-E56D274,64145462,8252276,6.89E+13,01-11-2018,1,74.17,0,0,74.17,14.83,89,0,1
NMA,Product H,36 / B / FtO,B3-FE7-E1D-6AD-B-CB440D5,22559066,5836863,3.57E+13,24-02-2019,1,74.17,0,0,74.17,14.83,89,0,1
RIH,Product P,32 / B / 33,77-CF9-098-4F2-0-E357E40,90286994,1533240,9.32E+13,17-01-2019,-1,0,0,-36.67,-36.67,-7.33,-44,-1,0
WHX,Product D,35 / B / FtO,85-572-6E4-EF2-1-F7DBC04,70101748,4102682,6.58E+13,09-11-2018,1,74.17,0,0,74.17,14.83,89,0,1
YQX,Product H,30 / A / 32,88-DBD-D09-9C2-9-BD98D32,46653954,4737487,4.45E+13,11-02-2019,1,74.17,-20.84,0,53.33,10.67,64,0,1
NWB,Product H,40 / C / FtO,B8-156-195-D95-F-AF7B3DE,22559066,5526109,1.32E+13,02-01-2019,1,51.67,0,0,51.67,10.33,62,0,1
KNB,Product H,34 / A / FtO,0F-FB2-FA6-771-8-024979D,48808614,3897807,9.54E+13,10-04-2019,1,74.16,-20.83,0,53.33,10.67,64,0,1
XEB,Product D,34 / B / FtO,54-BB6-CDA-0BD-0-6121467,11657798,1488316,4.16E+13,24-11-2018,1,74.17,-14.84,0,59.33,11.87,71.2,0,1
MAG,Product B,34 / B / FtO,E4-BC5-C43-58F-2-3BAD594,24064862,7073446,1.20E+13,08-11-2018,1,82.51,-7.45,0,75.06,15.01,90.07,0,1
VXH,Product A,32 / A / 28,5A-812-04F-023-D-E7D7B0B,80664151,9055715,7.15E+13,26-01-2019,1,107.51,-20.84,0,86.67,17.33,104,0,1
OVT,Product M,38 / B / FtO,83-DA9-264-E34-1-1C81E9F,92567842,2356141,2.98E+13,26-12-2018,1,57.5,0,0,57.5,11.5,69,0,1
XEB,Product P,38 / B / FtO,22-8F3-8E5-4C2-B-E56A5DE,87705806,5412198,2.82E+13,01-11-2018,1,74.17,0,0,74.17,14.83,89,0,1
LQS,Product C,35 / C / FtO,72-A88-335-8BF-6-476CB32,26922227,6497321,3.02E+13,09-01-2019,1,82.5,0,0,82.5,16.5,99,0,1
AYN,Product P,36 / C / FtO,F3-977-C62-C9A-D-13970BF,42878769,5307851,1.98E+13,17-12-2018,1,79.17,-15.84,0,63.33,12.67,76,0,1
RJF,Product P,33 / B / 34,FF-858-223-B8E-C-7BBEABD,18178955,6532000,6.32E+13,19-12-2018,1,79.16,0,0,79.16,15.84,95,0,1
TSH,Product N,M+ / Sl / Sh,8C-52F-F4B-8A5-A-19F0DF5,57946473,5716929,1.37E+13,23-02-2019,1,49.16,0,0,49.16,9.84,59,0,1
HZX,Product B,34 / A / FtO,DB-561-8BE-D67-7-4B0E21A,24064862,5110322,1.89E+13,06-01-2019,1,57.5,0,0,57.5,11.5,69,0,1
QID,Product H,32 / A / FtO,04-C33-7C3-878-A-F7EC808,17627416,2838875,7.59E+13,27-04-2019,-1,0,0,-74.17,-74.17,-14.83,-89,-1,0
YQX,Product H,38 / C / FtO,19-7FF-698-899-4-4A1CA2A,81063842,1090054,6.54E+13,31-01-2019,1,74.17,-14.84,0,59.33,11.87,71.2,0,1
RJF,Product P,36 / A / 30,A1-92D-680-C33-4-3CDCDC6,12251967,5674337,8.94E+13,10-01-2019,1,79.17,-7.92,0,71.25,14.25,85.5,0,1
XEB,Product P,32 / A / FtO,9B-4F6-394-270-9-B42418C,29493563,9329081,5.39E+13,18-03-2019,1,79.17,0,0,79.17,15.83,95,0,1
YQX,Product H,32 / A / FtO,24-2BA-B62-B5C-D-C72CC19,44830178,4926722,8.26E+13,03-04-2019,-1,0,0,-74.17,-74.17,-14.83,-89,-1,0
WHX,Product D,34 / B / FtO,78-AC0-420-2A7-C-2F18981,79976637,4579653,2.96E+13,31-12-2018,1,74.17,-20.84,0,53.33,10.67,64,0,1
WHX,Product D,32 / B / FtO,18-E7C-DCC-C2D-D-B9DBE7F,99422590,9657476,1.38E+13,26-11-2018,1,74.17,-14.84,0,59.33,11.87,71.2,0,1
YQX,Product H,35 / B / FtO,13-97C-FB5-79E-F-992A8BF,62538818,6860385,4.51E+13,26-04-2019,1,74.16,-20.83,0,53.33,10.67,64,0,1
YYI,Product P,32 / B / FtO,22-131-31D-8B5-6-21DCB6A,40522014,7822242,6.20E+13,09-03-2019,1,55,0,0,55,11,66,0,1
CRH,Product G,33 / B / 9,ED-ABF-1DD-D66-B-20F97FE,77566410,6446039,8.98E+13,29-04-2019,1,57.5,0,0,57.5,11.5,69,0,1
YMR,Product W,32 / B / FtO,EF-7F8-CEC-A25-1-7926849,44945143,6300016,4.86E+13,19-11-2018,1,82.5,-16.5,0,66,13.2,79.2,0,1
AYN,Product P,33 / A / FtO,AA-919-F80-F95-0-F346CAC,27078787,5358821,3.31E+13,26-12-2018,1,55,0,0,55,11,66,0,1
FMR,Product R,M / Sl / Re,3E-EED-1E5-375-4-258F84D,88419828,2535636,3.66E+13,25-03-2019,1,29.17,0,0,29.17,5.83,35,0,1
WHX,Product D,36 / C / 31,C5-12B-DF2-327-1-4D8719D,70401470,9068518,4.82E+13,03-01-2019,1,74.16,0,0,74.16,14.84,89,0,1
OHR,Product H,32 / C / FtO,DB-B2B-44A-CDF-F-CB6138E,22559066,2557649,9.59E+13,29-12-2018,1,51.67,-5.17,0,46.5,9.3,55.8,0,1
AYN,Product H,35 / A / FtO,60-12C-617-B50-4-9515859,57434583,1804442,2.47E+13,10-12-2018,-1,0,0,-59.34,-59.34,-11.86,-71.2,-1,0
XEB,Product P,30 / A / FtO,AA-60A-D19-0E8-E-F341132,19533497,5854422,4.26E+13,19-04-2019,1,79.17,-10.75,0,68.42,13.68,82.1,0,1
AYN,Product H,33 / B / FtO,B2-6F1-C7D-824-4-5AD849C,57555781,6151714,1.07E+13,09-11-2018,1,74.17,0,0,74.17,14.83,89,0,1
RJF,Product P,33 / C / 32,23-9E7-69F-89C-4-3AB5F66,84241585,6691693,6.09E+13,09-01-2019,1,79.17,0,0,79.17,15.83,95,0,1
NWB,Product H,31 / A / 34,C2-4E1-811-962-1-3960CE4,28656061,4417796,2.37E+13,25-01-2019,-1,0,0,-51.67,-51.67,-10.33,-62,-1,0
WHX,Product P,33 / A / FtO,30-A45-0F8-A47-3-597F220,30466884,7090251,3.69E+13,25-02-2019,1,79.17,0,0,79.17,15.83,95,0,1
WHX,Product D,34 / B / FtO,78-AC0-420-2A7-C-2F18981,79976637,2636609,9.76E+13,28-04-2019,1,74.16,-20.83,0,53.33,10.67,64,0,1
QID,Product H,33 / B / FtO,18-12C-337-0A2-A-44C1A31,46045856,1748700,8.94E+13,19-12-2018,-1,0,0,-74.17,-74.17,-14.83,-89,-1,0
ZQV,Product W,36 / B / FtO,6E-E49-C04-FA4-3-C15730E,44945143,1285333,4.76E+13,10-11-2018,1,82.5,0,0,82.5,16.5,99,0,1
OHR,Product D,36 / C / FtO,2A-930-EBB-037-8-8289268,40522014,9271158,7.75E+13,16-11-2018,1,74.17,-20.84,0,53.33,10.67,64,0,1
RJF,Product P,34 / B / FtO,32-AA7-838-2C8-E-1195FE8,98393407,4819455,6.12E+13,05-11-2018,-1,0,0,-74.17,-74.17,-14.83,-89,-1,0
TSH,Product P,36 / B / FtO,4C-B33-EB3-FF3-8-539789E,40522014,5949330,1.59E+13,26-12-2018,1,55,0,0,55,11,66,0,1
YMR,Product W,36 / A / FtO,D6-7B2-F44-C69-0-C328D17,44945143,1417408,6.71E+13,06-11-2018,1,82.5,-12.37,0,70.13,14.03,84.16,0,1
XEB,Product P,35 / B / FtO,C3-FE5-406-65A-5-ABC9524,39740759,9734254,4.27E+13,08-04-2019,-1,0,0,-58.33,-58.33,-11.67,-70,-1,0
AYN,Product P,32 / A / FtO,19-D69-657-C87-E-050BA96,56850535,5265855,5.12E+13,02-01-2019,1,55,0,0,55,11,66,0,1
TSH,Product P,33 / B / FtO,0E-7D1-CF1-A22-9-8A84308,40522014,4444875,6.17E+13,26-12-2018,1,55,0,0,55,11,66,0,1
CLH,Product B,37 / C / FtO,10-73F-977-1BB-6-AF2A24E,24064862,9998815,1.92E+13,24-11-2018,1,82.5,-16.5,0,66,13.2,79.2,0,1
XEB,Product P,35 / B / FtO,C3-FE5-406-65A-5-ABC9524,39740759,4237840,8.71E+13,26-11-2018,1,79.17,-15.84,0,63.33,12.67,76,0,1
VXH,Product A,36 / B / FtO,64-9CB-2FA-1D3-7-AE7C4EF,40522014,1013496,3.70E+13,26-11-2018,1,107.5,-21.5,0,86,17.2,103.2,0,1
RJF,Product T,32 / B / 9,1C-BF2-A51-AD2-A-03939A1,31355561,2760309,2.76E+13,02-01-2019,1,30.83,0,0,30.83,6.17,37,0,1
YMR,Product W,34 / C / FtO,42-3F3-180-A17-4-C94E398,44945143,8840348,8.86E+13,01-11-2018,1,82.5,0,0,82.5,16.5,99,0,1
YQX,Product H,33 / B / FtO,88-B81-680-097-8-382CF03,93145342,7328482,6.37E+13,12-12-2018,1,74.17,-10.08,0,64.09,12.82,76.91,0,1
XEB,Product P,33 / B / FtO,76-4A6-4F1-710-B-3591D84,57799968,4700721,6.39E+13,02-11-2018,-1,0,0,-74.16,-74.16,-14.84,-89,-1,0
WHX,Product P,36 / C / FtO,ED-3C3-9DE-8F8-8-E2127BD,10812154,3703537,8.46E+13,28-11-2018,1,79.17,0,0,79.17,15.83,95,0,1
OUT,Product W,35 / B / 32,DD-3EA-7D1-5B7-F-50E8E25,20950672,2773992,6.59E+13,21-12-2018,-1,0,0,-82.5,-82.5,-16.5,-99,-1,0
KNB,Product H,33 / B / 32,9B-B22-8D4-790-6-CA33DB6,17087030,5219433,5.68E+13,16-12-2018,1,74.17,0,0,74.17,14.83,89,0,1
OUT,Product W,32 / A / FtO,5F-921-E1F-B2E-1-8CB8996,87226152,5279972,5.86E+13,10-11-2018,1,82.5,-8.25,0,74.25,14.85,89.1,0,1
OTH,Product P,35 / B / FtO,0A-249-D41-738-E-B62E458,16345004,8217330,7.42E+13,06-03-2019,-1,0,0,-79.17,-79.17,-15.83,-95,-1,0
WHX,Product D,34 / A / FtO,D4-C6F-884-7F1-5-8ED5D4B,50418124,4418458,1.40E+13,25-02-2019,1,74.17,0,0,74.17,14.83,89,0,1
YQX,Product H,36 / B / FtO,FE-CF2-1E3-B91-0-FC2F95D,13424927,7191263,6.52E+13,03-11-2018,1,74.17,0,0,74.17,14.83,89,0,1
WHX,Product P,32 / B / FtO,85-2EB-163-D62-5-FC50316,26246865,7327316,9.43E+13,23-11-2018,1,79.17,-15.84,0,63.33,12.67,76,0,1
YMR,Product W,34 / B / FtO,FD-CDB-A8E-A51-5-D618010,44945143,7767563,4.93E+13,05-11-2018,1,82.5,-10.97,0,71.53,14.31,85.84,0,1
LQS,Product C,36 / B / 30,69-44D-2D3-B2C-8-E66FD58,97316215,8320470,1.21E+13,24-01-2019,1,82.5,0,0,82.5,16.5,99,0,1
LQS,Product C,32 / A / 30,1D-5A5-462-615-2-1E16CA3,18185696,7875290,3.46E+13,17-02-2019,1,82.5,0,0,82.5,16.5,99,0,1
OJN,Product G,33 / B / 9,94-27A-304-B2E-3-5E4C63B,73544700,6588276,6.60E+13,30-04-2019,1,57.5,0,0,57.5,11.5,69,0,1
LQS,Product C,30 / A / FtO,31-F31-A81-F29-B-CBF3D5B,26922227,6134072,8.24E+13,09-01-2019,1,82.51,-20.84,0,61.67,12.33,74,0,1
RJF,Product P,34 / A / FtO,17-8DA-48B-4F1-0-CBA2010,21142089,1675394,7.09E+13,27-11-2018,1,79.17,-7.92,0,71.25,14.25,85.5,0,1
HZX,Product B,36 / C / 31,18-982-61A-7E5-D-EDCA8C4,81354625,1656876,3.48E+13,18-11-2018,1,82.5,0,0,82.5,16.5,99,0,1
AYN,Product P,34 / A / FtO,2E-D63-45B-BC9-6-734FB10,32335969,9714578,3.43E+13,24-12-2018,1,55,0,0,55,11,66,0,1
QID,Product A,28 / A / FtO,98-6B1-DB6-348-F-24EC392,24064862,4090926,3.83E+13,21-03-2019,-1,0,0,-96.75,-96.75,-19.35,-116.1,-1,0
WHX,Product D,34 / B / FtO,78-AC0-420-2A7-C-2F18981,79976637,4680806,9.56E+13,31-01-2019,1,74.17,0,0,74.17,14.83,89,0,1
YQX,Product Q,30 / B / FtO,44-54B-F3C-26D-2-A9E0BF2,13479579,8546771,8.83E+13,03-01-2019,1,51.67,0,0,51.67,10.33,62,0,1
YMR,Product W,35 / C / 33,0D-5B4-B18-3A3-7-B7630FD,74437836,1525734,7.82E+13,15-01-2019,-1,0,0,-51.75,-51.75,-10.35,-62.1,-1,0
XEB,Product P,28 / B / FtO,A8-8B1-82B-7AA-2-4A77A4E,74841968,6457745,5.74E+13,24-03-2019,1,79.17,0,0,79.17,15.83,95,0,1
FMR,Product R,S / Sl / Sh,E6-6FC-A4D-CCC-F-3963DBB,88419828,2395612,9.55E+13,15-03-2019,1,29.17,0,0,29.17,5.83,35,0,1
RJF,Product P,32 / B / FtO,EC-220-A2D-85C-E-DA2A2C6,90060431,1.41E+13,4.64E+13,01-04-2019,1,79.16,-15.83,0,63.33,12.67,76,0,1
RJF,Product P,33 / A / FtO,E8-94E-375-825-4-9A886F3,19149775,4866570,1.87E+13,26-04-2019,1,79.17,0,0,79.17,15.83,95,0,1
WHX,Product P,36 / C / FtO,ED-3C3-9DE-8F8-8-E2127BD,10812154,4359781,5.65E+13,26-12-2018,1,79.17,0,0,79.17,15.83,95,0,1
CLH,Product B,34 / A / 33,6D-019-004-72A-C-A762137,26337623,5504878,1.63E+13,20-02-2019,-1,0,0,-74.25,-74.25,-14.85,-89.1,-1,0
RJF,Product P,30 / C / FtO,0A-3C1-A8A-EBB-1-5FB4A31,22827284,9029301,5.49E+13,26-02-2019,-1,0,0,-79.17,-79.17,-15.83,-95,-1,0
RJF,Product P,35 / B / FtO,22-6A3-ACF-C57-6-3147EE4,88162726,8112374,1.29E+13,25-11-2018,1,79.17,-20.84,0,58.33,11.67,70,0,1
ZQV,Product W,33 / A / FtO,44-3D8-904-C44-8-4226015,44945143,3806311,2.36E+13,20-11-2018,1,82.5,-16.5,0,66,13.2,79.2,0,1
FTU,Product N,M / St / Sh,29-A5C-D42-6C3-C-A5C0B3A,54388513,1805547,9.10E+13,24-02-2019,1,49.16,0,0,49.16,9.84,59,0,1
LPZ,Product H,36 / C / 30,78-DF7-2D9-ABC-F-2B5D522,28069370,7951097,6.32E+13,25-12-2018,1,51.67,-5.17,0,46.5,9.3,55.8,0,1
RJF,Product P,35 / B / FtO,22-6A3-ACF-C57-6-3147EE4,88162726,7883420,2.11E+13,24-11-2018,1,79.17,-15.84,0,63.33,12.67,76,0,1
RIH,Product P,34 / A / 29,AA-983-50E-35A-1-C4EBFC6,12910078,8018097,8.18E+13,17-01-2019,-1,0,0,-36.67,-36.67,-7.33,-44,-1,0
AYN,Product P,32 / B / 31,9C-476-F6A-42C-5-F5492CC,86566529,1135681,8.84E+13,09-04-2019,1,79.17,0,0,79.17,15.83,95,0,1
WHX,Product P,32 / B / FtO,85-2EB-163-D62-5-FC50316,26246865,5445374,4.66E+13,05-03-2019,1,79.17,-7.92,0,71.25,14.25,85.5,0,1
RJF,Product P,34 / B / FtO,32-AA7-838-2C8-E-1195FE8,98393407,8543026,9.01E+13,06-03-2019,-1,0,0,-71.25,-71.25,-14.25,-85.5,-1,0
LPZ,Product H,31 / B / 32,EE-6E5-F3B-2CD-5-D8DB062,28069370,1192558,6.27E+13,26-12-2018,1,51.67,0,0,51.67,10.33,62,0,1
QID,Product H,33 / B / FtO,18-12C-337-0A2-A-44C1A31,46045856,1473449,7.54E+13,26-01-2019,1,74.17,-10.42,0,63.75,12.75,76.5,0,1
WHX,Product P,32 / A / FtO,93-BCE-0C8-1F0-0-CE76A69,66995443,1631145,9.80E+13,25-03-2019,1,79.17,0,0,79.17,15.83,95,0,1
YQX,Product R,XL / Sl / Re,85-593-52D-F3E-D-904CE68,88419828,7357498,7.17E+13,28-03-2019,1,29.17,0,0,29.17,5.83,35,0,1
YQX,Product H,36 / A / FtO,1D-B55-67B-07D-F-75357CE,14115717,7506868,7.67E+13,19-02-2019,1,74.17,-20.84,0,53.33,10.67,64,0,1
JAF,Product W,30 / B / FtO,DC-8E6-25B-6AC-0-7FB3E49,87226152,9785305,5.18E+13,28-12-2018,-1,0,0,-66,-66,-13.2,-79.2,-1,0
NMA,Product H,38 / B / FtO,A0-4E8-A4B-9CA-8-D405841,22559066,8442613,6.46E+13,02-11-2018,-1,0,0,-53.33,-53.33,-10.67,-64,-1,0
TSH,Product P,32 / C / FtO,1B-2DC-DC5-540-E-3CC0023,40522014,1550598,3.77E+13,05-02-2019,-1,0,0,-49.5,-49.5,-9.9,-59.4,-1,0
LQS,Product B,34 / C / FtO,7E-A6F-9E7-A0C-3-DE7B8B3,24064862,2211431,9.88E+13,07-12-2018,1,82.5,0,0,82.5,16.5,99,0,1
OVT,Product M,30 / B / FtO,38-66A-5EC-F13-9-9F4F8F9,92567842,7190038,5.33E+13,07-01-2019,1,40.83,0,0,40.83,8.17,49,0,1
WHX,Product P,34 / A / FtO,76-BA0-289-04B-C-9EB5C4F,83605938,2222203,3.70E+13,12-01-2019,1,79.17,0,0,79.17,15.83,95,0,1
YQX,Product H,34 / C / FtO,4E-704-D68-7D8-0-039056F,25390669,8356298,6.97E+13,08-12-2018,1,74.17,0,0,74.17,14.83,89,0,1
WHX,Product D,36 / B / FtO,8B-AF6-E40-DDB-1-CF967D6,34467942,4267032,9.74E+13,06-11-2018,1,74.17,0,0,74.17,14.83,89,0,1
NMA,Product D,34 / B / FtO,3D-07C-D1C-EC5-7-3B61B82,32740590,2140283,2.29E+13,16-04-2019,2,148.33,0,0,148.33,29.67,178,0,2
XEB,Product P,32 / A / FtO,9B-4F6-394-270-9-B42418C,29493563,6767305,2.08E+13,29-01-2019,-1,0,0,-71.25,-71.25,-14.25,-85.5,-1,0
YQX,Product R,M+ / St / Lo,78-F91-FE4-510-0-8763909,88419828,4162770,1.09E+13,26-04-2019,1,29.16,-5.88,0,23.28,4.66,27.94,0,1
JYJ,Product H,34 / B / FtO,68-342-B91-C7B-2-F6A523B,14180006,6774214,5.90E+13,11-01-2019,-1,0,0,-36.67,-36.67,-7.33,-44,-1,0
NSP,Product P,34 / B / FtO,37-CF2-595-F0A-4-D8A9C1D,22559066,3958693,3.52E+13,01-11-2018,1,74.17,-9.87,0,64.3,12.86,77.16,0,1
AYN,Product P,34 / A / FtO,2E-D63-45B-BC9-6-734FB10,32335969,8227552,1.80E+13,01-01-2019,1,55,0,0,55,11,66,0,1
QID,Product A,37 / A / FtO,F6-0AF-BD1-0BD-2-1A5FA21,24064862,3764574,9.94E+13,05-02-2019,1,107.5,0,0,107.5,21.5,129,0,1
NSP,Product P,35 / B / 32,79-79E-DBC-7D8-4-3CBD0B1,63821910,9999176,2.94E+13,20-12-2018,-1,0,0,-58.33,-58.33,-11.67,-70,-1,0
NWB,Product D,30 / B / 32,D1-865-D99-5DA-5-48CFEBD,93359741,5791161,3.06E+13,30-12-2018,1,51.67,0,0,51.67,10.33,62,0,1
RJK,Product R,M+ / Sl / Sh,BD-54E-FB1-426-E-2C780BD,88419828,4297479,7.02E+13,16-04-2019,-1,0,0,-29.17,-29.17,-5.83,-35,-1,0
NSP,Product P,35 / B / FtO,73-847-98D-B92-2-5382CD4,22559066,5004295,2.94E+13,09-11-2018,1,79.17,0,0,79.17,15.83,95,0,1
UQJ,Product H,34 / A / 32,EE-D65-0D4-13A-3-FC6018D,86034984,9545404,5.91E+13,08-03-2019,1,51.67,0,0,51.67,10.33,62,0,1
HZX,Product D,33 / A / FtO,5F-36A-C08-2B2-B-9A467DF,24064862,5465053,8.13E+13,20-11-2018,-1,0,0,-82.5,-82.5,-16.5,-99,-1,0
DPR,DPR,100,AD-982-708-895-F-6C894FB,52039657,7658079,6.99E+13,28-12-2018,1,100,0,0,100,0,100,0,1
KNB,Product O,37 / C / 11,E3-B38-701-884-B-78D1BE6,73544700,8697643,4.29E+13,10-04-2019,1,57.5,0,0,57.5,11.5,69,0,1
RJF,Product T,36 / B / 9,00-253-4BA-837-2-BE7A408,31355561,2427650,1.72E+13,02-01-2019,1,30.84,0,0,30.84,6.16,37,0,1
WHX,Product D,36 / C / FtO,7D-836-023-118-2-E0F3561,43653050,1916419,9.45E+13,01-01-2019,1,74.17,-20.84,0,53.33,10.67,64,0,1
WHX,Product D,34 / B / FtO,78-AC0-420-2A7-C-2F18981,79976637,4420067,2.20E+13,25-11-2018,1,74.17,-14.84,0,59.33,11.87,71.2,0,1
AYN,Product H,36 / B / FtO,3C-907-378-228-8-F7B4345,36288292,5143173,2.33E+13,26-11-2018,1,74.17,-14.84,0,59.33,11.87,71.2,0,1
WHX,Product P,36 / A / 29,46-F79-78D-5CE-6-DA21A40,59276428,8722466,5.69E+13,10-12-2018,1,79.17,0,0,79.17,15.83,95,0,1
KDP,Product N,L+ / Sl / Re,AA-023-FF4-CCF-B-9B4B1BB,88176838,7926863,3.71E+13,02-01-2019,1,24.17,0,0,24.17,4.83,29,0,1
YMR,Product W,32 / B / 32,92-E7A-759-B96-B-D548906,30076956,9687877,2.49E+13,13-01-2019,1,57.5,-5.75,0,51.75,10.35,62.1,0,1
AYN,Product H,33 / C / 31,48-66A-39C-552-4-01FCF28,17042414,7127554,5.04E+13,09-01-2019,1,74.17,0,0,74.17,14.83,89,0,1
YQX,Product N,M+ / Sl / Lo,A5-B76-34F-A54-8-3F9A0E1,38761153,9373407,6.63E+13,18-04-2019,1,40.83,-4.08,0,36.75,7.35,44.1,0,1
RJF,Product P,34 / C / FtO,48-9EE-A35-3BA-C-BB56E5E,91915815,8302870,8.27E+13,02-04-2019,1,79.16,-7.91,0,71.25,14.25,85.5,0,1
RJF,Product P,33 / A / FtO,E8-94E-375-825-4-9A886F3,19149775,7415188,3.53E+13,23-11-2018,1,79.17,-15.84,0,63.33,12.67,76,0,1
OTH,Product P,34 / A / FtO,AB-F30-E6E-47D-F-496CB71,16345004,3887670,3.13E+13,19-03-2019,1,79.17,0,0,79.17,15.83,95,0,1
ZQV,Product W,32 / B / FtO,A9-738-1EB-A28-6-1F13599,44945143,5747625,7.77E+13,20-12-2018,-1,0,0,-66,-66,-13.2,-79.2,-1,0
KNB,Product P,31 / A / FtO,59-4CA-CF5-A8E-B-7239994,19561086,7352518,5.54E+13,04-01-2019,-1,0,0,-79.16,-79.16,-15.84,-95,-1,0
YQX,Product H,34 / A / 30,A2-0F8-D36-769-5-D07A60F,18178955,3086623,7.48E+13,05-01-2019,1,74.16,0,0,74.16,14.84,89,0,1
QMB,Product J,34 / A / 30,5B-7A3-E97-880-4-50C5CEA,41474857,5938029,8.59E+13,11-01-2019,1,99.17,0,0,99.17,19.83,119,0,1
DPR,DPR,100,AD-982-708-895-F-6C894FB,52039657,6627265,8.87E+13,17-12-2018,1,100,0,0,100,0,100,0,1
XEB,Product P,37 / B / FtO,11-B5D-E69-22E-E-204C834,74841968,7021638,9.94E+13,16-11-2018,1,79.17,-15.84,0,63.33,12.67,76,0,1
LQS,Product C,32 / A / FtO,F3-B15-3B6-DB0-2-EDDB59C,26922227,6535307,1.85E+13,21-11-2018,1,82.5,-16.5,0,66,13.2,79.2,0,1
WHX,Product P,34 / B / FtO,4A-30E-267-CB3-1-506E7F7,35638092,6227382,3.50E+13,23-11-2018,1,79.17,-15.84,0,63.33,12.67,76,0,1
VTH,Product Q,33 / B / 29,36-C90-BEB-470-2-ACDD495,73865731,1292150,7.38E+13,09-01-2019,1,36.67,0,0,36.67,7.33,44,0,1
AZN,Product Q,30 / A / 29,06-069-8F0-F08-A-80309B3,90608498,5584026,6.45E+13,29-12-2018,1,51.67,-5.17,0,46.5,9.3,55.8,0,1
OHR,Product N,L+ / St / Re,DF-4A1-560-217-7-089EDE1,57946473,8947431,4.95E+13,02-01-2019,1,49.16,0,0,49.16,9.84,59,0,1
AYN,Product P,30 / B / FtO,A9-1EB-235-7F8-F-FD96E77,85017770,4873354,6.05E+13,02-01-2019,1,55,0,0,55,11,66,0,1
LQS,Product B,38 / C / FtO,16-D94-8C3-D9E-3-0190363,24064862,3496623,6.82E+13,03-01-2019,1,82.5,0,0,82.5,16.5,99,0,1
LQS,Product B,32 / A / FtO,0E-1BA-277-7E1-5-0388127,24064862,3963332,8.14E+13,20-01-2019,1,82.5,0,0,82.5,16.5,99,0,1
UQJ,Product H,34 / B / FtO,1E-7C4-C2B-0FF-4-E21514E,87226152,4603949,2.13E+13,18-11-2018,1,74.17,-14.84,0,59.33,11.87,71.2,0,1
MTW,Product C,36 / B / FtO,BC-614-786-6CA-3-CEFF9E6,26922227,3.81E+13,4.75E+13,26-11-2018,1,82.5,-16.5,0,66,13.2,79.2,0,1
OVT,Product Q,34 / B / FtO,3E-D7D-DA8-2DA-F-D6EB977,13479579,5773388,1.83E+13,12-02-2019,-1,0,0,-36.67,-36.67,-7.33,-44,-1,0
YQX,Product F,33 / B / 32,40-53E-64F-A1E-F-550C9A9,83530193,6310629,1.45E+13,23-02-2019,1,99.17,0,0,99.17,19.83,119,0,1
XEB,Product P,37 / B / FtO,11-B5D-E69-22E-E-204C834,74841968,3609002,6.20E+13,12-12-2018,1,79.17,-7.92,0,71.25,14.25,85.5,0,1
VXH,Product P,31 / C / FtO,A0-E7D-EDD-892-2-7405819,40522014,1572348,9.46E+13,06-01-2019,1,55,0,0,55,11,66,0,1
RJF,Product P,36 / B / FtO,7C-D23-B98-39F-E-93ABC5C,56109013,7907196,6.04E+13,12-02-2019,1,79.17,-20.84,0,58.33,11.67,70,0,1
WHX,Product P,35 / B / FtO,A9-770-EAB-2C5-4-E45BA7C,96971321,9184574,3.61E+13,03-12-2018,1,79.17,0,0,79.17,15.83,95,0,1
RJF,Product P,32 / C / FtO,6B-40A-2C0-B5B-6-ECA00D3,62563810,4442669,7.38E+13,20-12-2018,-1,0,0,-63.34,-63.34,-12.66,-76,-1,0
YQX,Product H,36 / C / FtO,6B-71B-F7E-160-F-8B91FE7,70965422,2811028,9.78E+13,17-12-2018,1,74.17,0,0,74.17,14.83,89,0,1
OVT,Product Q,34 / B / FtO,3E-D7D-DA8-2DA-F-D6EB977,13479579,9928402,3.72E+13,30-12-2018,1,51.67,0,0,51.67,10.33,62,0,1
LQS,Product B,32 / B / FtO,FA-5DC-6DE-CFF-3-89A2779,24064862,6201842,8.43E+13,23-11-2018,1,82.5,-16.5,0,66,13.2,79.2,0,1
XEB,Product D,33 / A / FtO,CD-86B-742-990-E-4CBEE29,27215940,2789481,4.86E+13,06-11-2018,-1,0,0,-64.3,-64.3,-12.86,-77.16,-1,0
ZQV,Product W,33 / A / 31,C0-7C2-5B3-03A-E-01E05F6,41469471,5110198,9.21E+13,24-01-2019,-1,0,0,-57.5,-57.5,-11.5,-69,-1,0
KNB,Product P,36 / B / FtO,2C-E29-BCF-7FC-6-E56D274,64145462,3193415,2.49E+13,05-11-2018,2,148.34,-20.84,0,127.5,25.5,153,0,2
NMA,Product F,37 / A / FtO,CF-B98-ECA-4B1-9-9428F48,38274452,4775878,1.62E+13,28-04-2019,1,99.17,0,0,99.17,19.83,119,0,1
VXH,Product P,32 / A / FtO,FA-11B-F32-C88-F-E2BFC88,40522014,3465017,2.28E+13,09-11-2018,-1,0,0,-74.17,-74.17,-14.83,-89,-1,0
AYN,Product P,34 / B / FtO,E6-FAF-D36-0E0-2-DC24994,88732635,2903717,8.60E+13,04-12-2018,1,79.17,-15.84,0,63.33,12.67,76,0,1
QID,Product H,32 / A / FtO,04-C33-7C3-878-A-F7EC808,17627416,1798112,9.85E+13,28-03-2019,1,74.16,-7.41,0,66.75,13.35,80.1,0,1
XEB,Product P,35 / A / 34,E2-4AC-349-2A8-D-56AC768,43443566,3312354,6.30E+13,04-01-2019,1,79.17,0,0,79.17,15.83,95,0,1
RJF,Product P,36 / B / 32,40-805-EB5-171-0-682CF5E,74437836,6734591,7.85E+13,27-12-2018,1,79.16,0,0,79.16,15.84,95,0,1
WHX,Product P,31 / B / 29,01-659-544-978-B-22569CC,27457272,5189252,5.95E+13,09-12-2018,1,79.16,0,0,79.16,15.84,95,0,1
AYN,Product H,38 / C / FtO,88-93D-0D9-488-F-8874966,39666810,8069486,9.52E+13,12-01-2019,1,74.17,-20.84,0,53.33,10.67,64,0,1
RJF,Product P,32 / A / 32,24-566-0DF-C5A-8-D12E69D,34347780,3242727,9.76E+13,24-11-2018,1,79.17,-15.84,0,63.33,12.67,76,0,1
AYN,Product H,35 / B / FtO,6D-ABC-BD1-2BB-8-C8DA191,43230550,9094910,5.47E+13,26-11-2018,1,74.17,-14.84,0,59.33,11.87,71.2,0,1
RJK,Product P,31 / A / FtO,25-1C3-141-462-8-6B6F954,16345004,4587983,8.96E+13,16-03-2019,1,79.16,-7.91,0,71.25,14.25,85.5,0,1
YQX,Product H,35 / B / FtO,13-97C-FB5-79E-F-992A8BF,62538818,6852375,2.21E+13,24-02-2019,1,74.17,-7.42,0,66.75,13.35,80.1,0,1
KNB,Product M,33 / A / 31,E7-463-42A-12B-4-403301C,82782012,3921934,7.69E+13,18-04-2019,1,82.5,0,0,82.5,16.5,99,0,1
KNB,Product P,31 / A / FtO,59-4CA-CF5-A8E-B-7239994,19561086,9887565,1.82E+13,05-04-2019,1,79.17,0,0,79.17,15.83,95,0,1
XEB,Product P,34 / C / FtO,0B-C04-F74-B5F-7-A3E3BB0,31417470,7808716,5.70E+13,24-12-2018,1,79.17,-7.92,0,71.25,14.25,85.5,0,1
MAG,Product B,35 / B / FtO,F0-590-0DC-BA7-3-2D14397,24064862,6511265,9.24E+13,19-12-2018,1,82.5,0,0,82.5,16.5,99,0,1
RJF,Product P,31 / A / FtO,C8-F7E-F9D-4D8-F-5315930,25033442,4579653,1.69E+13,24-12-2018,1,79.17,-20.84,0,58.33,11.67,70,0,1
XEB,Product D,30 / A / 30,AC-C72-273-0F8-0-8CCD1AC,70442535,1932544,2.85E+13,08-02-2019,-1,0,0,-46.5,-46.5,-9.3,-55.8,-1,0
ELV,Product H,33 / B / FtO,31-C38-8EE-7B1-8-5E0E390,22559066,4144892,1.64E+13,07-11-2018,-1,0,0,-53.33,-53.33,-10.67,-64,-1,0
YMR,Product W,34 / B / FtO,FD-CDB-A8E-A51-5-D618010,44945143,4087661,2.09E+13,13-12-2018,-1,0,0,-66,-66,-13.2,-79.2,-1,0
RJF,Product P,33 / B / FtO,3D-687-99C-14F-4-661E2E7,42015157,9675800,3.71E+13,24-12-2018,-1,0,0,-63.33,-63.33,-12.67,-76,-1,0
QID,Product H,34 / C / 34,93-054-6BA-448-6-4D3E6E8,93112691,4698714,5.25E+13,16-11-2018,1,74.17,-7.42,0,66.75,13.35,80.1,0,1
WHX,Product P,36 / A / FtO,B1-E8F-D9B-1CB-F-B4E9E3B,95527147,7103906,2.54E+13,09-01-2019,1,79.17,0,0,79.17,15.83,95,0,1
YQX,Product R,XL / St / Re,B4-50C-43B-EFF-2-EEB0A9B,88419828,7132334,2.72E+13,14-04-2019,1,29.17,0,0,29.17,5.83,35,0,1
